data,Q_Afluente,Q_40032000
1999-10-01,90.0,7.3815
1999-10-02,104.0,7.574
1999-10-03,98.0,7.3815
1999-10-04,132.0,8.5532
1999-10-05,101.0,7.9624
1999-10-06,100.0,7.574
1999-10-07,104.0,7.574
1999-10-08,108.0,7.3815
1999-10-09,112.0,7.1902
1999-10-10,101.0,7.0
1999-10-11,94.0,7.0
1999-10-12,93.0,6.811
1999-10-13,101.0,6.811
1999-10-14,96.0,6.6232
1999-10-15,93.0,6.6232
1999-10-16,88.0,6.4367
1999-10-17,80.0,6.4367
1999-10-18,78.0,6.6232
1999-10-19,67.0,6.811
1999-10-20,61.0,11.0089
1999-10-21,63.0,7.7676
1999-10-22,115.0,7.0
1999-10-23,91.0,6.811
1999-10-24,86.0,6.6232
1999-10-25,150.0,6.4367
1999-10-26,190.0,9.1536
1999-10-27,188.0,12.5044
1999-10-28,260.0,8.9524
1999-10-29,223.0,7.7676
1999-10-30,190.0,7.1902
1999-10-31,150.0,7.0
1999-11-01,141.0,7.0
1999-11-02,85.0,6.811
1999-11-03,87.0,6.4367
1999-11-04,97.0,6.6232
1999-11-05,107.0,6.811
1999-11-06,150.0,10.5899
1999-11-07,280.0,8.3552
1999-11-08,589.0,14.7139
1999-11-09,572.0,14.0424
1999-11-10,619.0,21.6544
1999-11-11,459.0,9.9684
1999-11-12,511.0,8.9524
1999-11-13,737.0,23.9433
1999-11-14,522.0,11.6445
1999-11-15,629.0,9.3558
1999-11-16,337.0,8.3552
1999-11-17,350.0,8.1582
1999-11-18,498.0,8.9524
1999-11-19,282.0,8.7523
1999-11-20,1879.0,9.3558
1999-11-21,971.0,25.4981
1999-11-22,577.0,11.6445
1999-11-23,632.0,9.3558
1999-11-24,634.0,8.9524
1999-11-25,1968.0,8.3552
1999-11-26,745.0,9.7632
1999-11-27,1077.0,8.7523
1999-11-28,725.0,7.9624
1999-11-29,910.0,7.1902
1999-11-30,820.0,26.2839
1999-12-01,359.0,7.9624
1999-12-02,369.0,7.7676
1999-12-03,428.0,7.574
1999-12-04,249.0,7.574
1999-12-05,919.0,30.5648
1999-12-06,552.0,9.1536
1999-12-07,416.0,11.0089
1999-12-08,1023.0,30.2929
1999-12-09,723.0,24.2008
1999-12-10,606.0,17.9625
1999-12-11,828.0,16.7707
1999-12-12,665.0,15.3926
1999-12-13,1040.0,47.2152
1999-12-14,1040.0,16.7707
1999-12-15,998.0,28.1384
1999-12-16,1164.0,14.4893
1999-12-17,840.0,12.9396
1999-12-18,862.0,11.0089
1999-12-19,1037.0,10.5899
1999-12-20,612.0,10.5899
1999-12-21,397.0,10.1746
1999-12-22,430.0,9.9684
1999-12-23,951.0,10.7989
1999-12-24,1242.0,25.4981
1999-12-25,636.0,12.5044
1999-12-26,847.0,11.2199
1999-12-27,729.0,19.4201
1999-12-28,673.0,40.1252
1999-12-29,745.0,17.2436
1999-12-30,816.0,24.2008
1999-12-31,1071.0,19.9117
2000-01-01,1514.0,18.4454
2000-01-02,998.0,17.2436
2000-01-03,1458.0,20.9034
2000-01-04,1800.0,36.9671
2000-01-05,1581.0,26.0213
2000-01-06,1623.0,24.2008
2000-01-07,1580.0,59.9072
2000-01-08,1382.0,22.9195
2000-01-09,1291.0,40.1252
2000-01-10,1015.0,23.1744
2000-01-11,1016.0,18.2036
2000-01-12,884.0,16.7707
2000-01-13,814.0,16.0782
2000-01-14,705.0,14.9394
2000-01-15,682.0,14.4893
2000-01-16,596.0,17.7221
2000-01-17,619.0,15.1656
2000-01-18,649.0,34.1491
2000-01-19,739.0,20.4062
2000-01-20,1031.0,36.1163
2000-01-21,1014.0,18.688
2000-01-22,844.0,16.0782
2000-01-23,786.0,20.6545
2000-01-24,968.0,22.1584
2000-01-25,,29.2111
2000-01-26,,34.7085
2000-01-27,,23.4301
2000-01-28,,111.203
2000-01-29,,190.474
2000-01-30,,96.8387
2000-01-31,,73.5679
2000-02-01,,43.9326
2000-02-02,,41.5802
2000-02-03,,35.5517
2000-02-04,,31.9325
2000-02-05,,29.7509
2000-02-06,,30.0216
2000-02-07,,34.9891
2000-02-08,,57.6916
2000-02-09,3527.0,111.716
2000-02-10,3387.0,66.2565
2000-02-11,3133.0,57.0622
2000-02-12,2718.0,54.2496
2000-02-13,2540.0,46.3146
2000-02-14,2174.0,41.2882
2000-02-15,1907.0,36.3994
2000-02-16,1650.0,33.3138
2000-02-17,1836.0,33.3138
2000-02-18,1715.0,32.2077
2000-02-19,1637.0,40.7057
2000-02-20,1648.0,30.2929
2000-02-21,1457.0,27.6056
2000-02-22,1456.0,26.2839
2000-02-23,1260.0,25.2374
2000-02-24,1174.0,24.2008
2000-02-25,1085.0,26.8107
2000-02-26,1176.0,24.2008
2000-02-27,1129.0,24.2008
2000-02-28,976.0,25.2374
2000-02-29,1170.0,32.7597
2000-03-01,984.0,24.459
2000-03-02,893.0,30.5648
2000-03-03,1080.0,22.1584
2000-03-04,890.0,25.4981
2000-03-05,688.0,23.1744
2000-03-06,691.0,21.1531
2000-03-07,599.0,22.6651
2000-03-08,705.0,32.4834
2000-03-09,1176.0,22.1584
2000-03-10,1171.0,25.7594
2000-03-11,3175.0,65.0751
2000-03-12,1922.0,46.6143
2000-03-13,2070.0,35.2701
2000-03-14,1652.0,28.6736
2000-03-15,1797.0,26.547
2000-03-16,2237.0,36.1163
2000-03-17,2237.0,58.9553
2000-03-18,2002.0,43.047
2000-03-19,1930.0,86.6037
2000-03-20,1847.0,41.5802
2000-03-21,1556.0,41.2882
2000-03-22,1671.0,35.5517
2000-03-23,1482.0,33.0365
2000-03-24,1582.0,31.6579
2000-03-25,1395.0,30.0216
2000-03-26,1158.0,28.6736
2000-03-27,1179.0,27.8717
2000-03-28,1305.0,48.7251
2000-03-29,1196.0,32.7597
2000-03-30,1176.0,36.3994
2000-03-31,1100.0,30.0216
2000-04-01,914.0,27.8717
2000-04-02,904.0,27.0751
2000-04-03,1009.0,25.7594
2000-04-04,689.0,24.9773
2000-04-05,776.0,23.9433
2000-04-06,682.0,23.1744
2000-04-07,665.0,22.9195
2000-04-08,636.0,22.6651
2000-04-09,605.0,22.4115
2000-04-10,857.0,22.1584
2000-04-11,702.0,21.6544
2000-04-12,673.0,21.4034
2000-04-13,574.0,21.1531
2000-04-14,819.0,20.9034
2000-04-15,591.0,20.6545
2000-04-16,734.0,20.1586
2000-04-17,559.0,20.1586
2000-04-18,673.0,19.9117
2000-04-19,588.0,20.9034
2000-04-20,601.0,26.547
2000-04-21,675.0,20.6545
2000-04-22,679.0,19.4201
2000-04-23,651.0,19.1753
2000-04-24,590.0,18.9313
2000-04-25,573.0,18.688
2000-04-26,519.0,18.4454
2000-04-27,489.0,18.4454
2000-04-28,484.0,18.2036
2000-04-29,504.0,17.9625
2000-04-30,501.0,17.9625
2000-05-01,492.0,17.7221
2000-05-02,484.0,17.4825
2000-05-03,456.0,17.4825
2000-05-04,455.0,17.2436
2000-05-05,438.0,17.2436
2000-05-06,433.0,17.2436
2000-05-07,425.0,17.0055
2000-05-08,417.0,16.7707
2000-05-09,411.0,16.5391
2000-05-10,410.0,16.5391
2000-05-11,412.0,16.3083
2000-05-12,401.0,16.0782
2000-05-13,402.0,15.8489
2000-05-14,382.0,15.8489
2000-05-15,384.0,15.6204
2000-05-16,389.0,15.6204
2000-05-17,389.0,15.6204
2000-05-18,388.0,15.3926
2000-05-19,385.0,15.1656
2000-05-20,370.0,15.1656
2000-05-21,369.0,14.9394
2000-05-22,364.0,14.9394
2000-05-23,359.0,14.9394
2000-05-24,347.0,14.9394
2000-05-25,351.0,14.9394
2000-05-26,335.0,14.7139
2000-05-27,362.0,14.7139
2000-05-28,351.0,14.7139
2000-05-29,328.0,14.7139
2000-05-30,318.0,14.7139
2000-05-31,303.0,14.4893
2000-06-01,338.0,14.4893
2000-06-02,341.0,14.0424
2000-06-03,335.0,14.0424
2000-06-04,326.0,14.0424
2000-06-05,312.0,14.0424
2000-06-06,311.0,13.8202
2000-06-07,300.0,13.8202
2000-06-08,303.0,13.5988
2000-06-09,303.0,13.5988
2000-06-10,308.0,13.5988
2000-06-11,318.0,13.1585
2000-06-12,298.0,13.1585
2000-06-13,312.0,13.1585
2000-06-14,292.0,13.1585
2000-06-15,285.0,12.9396
2000-06-16,275.0,12.9396
2000-06-17,266.0,12.7216
2000-06-18,253.0,12.7216
2000-06-19,263.0,12.7216
2000-06-20,253.0,12.7216
2000-06-21,260.0,12.5044
2000-06-22,252.0,12.5044
2000-06-23,251.0,12.5044
2000-06-24,240.0,12.2881
2000-06-25,236.0,12.2881
2000-06-26,234.0,12.0727
2000-06-27,236.0,12.0727
2000-06-28,227.0,11.8581
2000-06-29,232.0,11.8581
2000-06-30,229.0,11.8581
2000-07-01,225.0,11.6445
2000-07-02,232.0,11.6445
2000-07-03,229.0,11.4317
2000-07-04,222.0,11.4317
2000-07-05,217.0,11.4317
2000-07-06,227.0,11.4317
2000-07-07,220.0,11.2199
2000-07-08,220.0,11.4317
2000-07-09,210.0,11.2199
2000-07-10,212.0,11.2199
2000-07-11,210.0,11.4317
2000-07-12,206.0,11.2199
2000-07-13,204.0,11.2199
2000-07-14,203.0,11.2199
2000-07-15,202.0,11.0089
2000-07-16,200.0,11.0089
2000-07-17,199.0,11.0089
2000-07-18,197.0,10.7989
2000-07-19,196.0,10.7989
2000-07-20,195.0,10.5899
2000-07-21,193.0,10.5899
2000-07-22,191.0,10.5899
2000-07-23,192.0,10.5899
2000-07-24,191.0,10.7989
2000-07-25,185.0,10.5899
2000-07-26,180.0,10.7989
2000-07-27,175.0,10.7989
2000-07-28,181.0,10.5899
2000-07-29,179.0,10.5899
2000-07-30,185.0,10.3818
2000-07-31,179.0,10.1746
2000-08-01,176.0,10.1746
2000-08-02,182.0,9.9684
2000-08-03,181.0,9.9684
2000-08-04,180.0,10.1746
2000-08-05,178.0,9.9684
2000-08-06,179.0,9.9684
2000-08-07,170.0,9.7632
2000-08-08,173.0,9.7632
2000-08-09,169.0,9.7632
2000-08-10,165.0,9.559
2000-08-11,161.0,9.559
2000-08-12,158.0,9.559
2000-08-13,142.0,9.3558
2000-08-14,140.0,9.3558
2000-08-15,136.0,9.3558
2000-08-16,125.0,9.1536
2000-08-17,122.0,9.3558
2000-08-18,125.0,9.1536
2000-08-19,123.0,9.1536
2000-08-20,125.0,9.1536
2000-08-21,121.0,9.1536
2000-08-22,125.0,8.9524
2000-08-23,121.0,8.9524
2000-08-24,124.0,8.9524
2000-08-25,121.0,8.7523
2000-08-26,119.0,8.7523
2000-08-27,118.0,8.7523
2000-08-28,120.0,8.5532
2000-08-29,121.0,8.7523
2000-08-30,122.0,8.5532
2000-08-31,123.0,8.9524
2000-09-01,119.0,10.1746
2000-09-02,339.0,13.8202
2000-09-03,282.0,18.688
2000-09-04,371.0,12.7216
2000-09-05,256.0,10.1746
2000-09-06,495.0,9.7632
2000-09-07,412.0,15.6204
2000-09-08,208.0,10.5899
2000-09-09,309.0,11.8581
2000-09-10,221.0,11.8581
2000-09-11,231.0,10.1746
2000-09-12,232.0,9.559
2000-09-13,230.0,9.7632
2000-09-14,236.0,10.1746
2000-09-15,220.0,10.1746
2000-09-16,233.0,10.7989
2000-09-17,226.0,12.5044
2000-09-18,201.0,10.5899
2000-09-19,202.0,10.3818
2000-09-20,185.0,10.1746
2000-09-21,191.0,9.559
2000-09-22,180.0,9.1536
2000-09-23,178.0,8.9524
2000-09-24,167.0,8.7523
2000-09-25,159.0,8.7523
2000-09-26,142.0,9.7632
2000-09-27,130.0,10.1746
2000-09-28,125.0,9.559
2000-09-29,116.0,9.1536
2000-09-30,103.0,8.5532
2000-10-01,143.0,8.7523
2000-10-02,119.0,10.1746
2000-10-03,132.0,9.3558
2000-10-04,132.0,8.7523
2000-10-05,132.0,8.5532
2000-10-06,127.0,14.0424
2000-10-07,142.0,10.3818
2000-10-08,134.0,8.7523
2000-10-09,112.0,8.5532
2000-10-10,103.0,8.3552
2000-10-11,101.0,8.3552
2000-10-12,98.0,8.1582
2000-10-13,92.0,7.7676
2000-10-14,90.0,7.7676
2000-10-15,104.0,7.7676
2000-10-16,96.0,7.7676
2000-10-17,92.0,7.3815
2000-10-18,94.0,7.3815
2000-10-19,92.0,7.3815
2000-10-20,88.0,7.3815
2000-10-21,70.0,7.1902
2000-10-22,66.0,7.574
2000-10-23,70.0,7.3815
2000-10-24,65.0,12.7216
2000-10-25,70.0,13.8202
2000-10-26,65.0,12.2881
2000-10-27,72.0,7.574
2000-10-28,71.0,7.3815
2000-10-29,85.0,9.559
2000-10-30,93.0,8.1582
2000-10-31,101.0,7.9624
2000-11-01,92.0,7.9624
2000-11-02,94.0,7.7676
2000-11-03,169.0,9.559
2000-11-04,311.0,7.7676
2000-11-05,461.0,11.0089
2000-11-06,567.0,7.9624
2000-11-07,576.0,8.3552
2000-11-08,490.0,8.5532
2000-11-09,439.0,7.9624
2000-11-10,401.0,7.7676
2000-11-11,422.0,7.3815
2000-11-12,437.0,17.2436
2000-11-13,614.0,10.1746
2000-11-14,814.0,12.2881
2000-11-15,1097.0,14.7139
2000-11-16,883.0,8.9524
2000-11-17,958.0,8.7523
2000-11-18,900.0,11.0089
2000-11-19,1055.0,37.2517
2000-11-20,731.0,21.6544
2000-11-21,600.0,14.9394
2000-11-22,585.0,26.547
2000-11-23,517.0,19.4201
2000-11-24,588.0,18.9313
2000-11-25,459.0,14.0424
2000-11-26,587.0,12.2881
2000-11-27,713.0,21.9061
2000-11-28,537.0,19.9117
2000-11-29,397.0,16.5391
2000-11-30,575.0,19.4201
2000-12-01,1087.0,19.9117
2000-12-02,959.0,16.0782
2000-12-03,931.0,21.6544
2000-12-04,856.0,15.8489
2000-12-05,869.0,12.5044
2000-12-06,1137.0,12.2881
2000-12-07,916.0,11.2199
2000-12-08,779.0,10.7989
2000-12-09,595.0,10.5899
2000-12-10,577.0,10.3818
2000-12-11,497.0,14.9394
2000-12-12,511.0,11.0089
2000-12-13,405.0,10.1746
2000-12-14,640.0,10.5899
2000-12-15,646.0,19.1753
2000-12-16,600.0,16.5391
2000-12-17,848.0,17.2436
2000-12-18,2123.0,59.9072
2000-12-19,1122.0,24.2008
2000-12-20,1266.0,17.9625
2000-12-21,1314.0,15.3926
2000-12-22,1266.0,14.7139
2000-12-23,1601.0,32.7597
2000-12-24,1049.0,30.0216
2000-12-25,975.0,18.4454
2000-12-26,745.0,27.34
2000-12-27,754.0,23.1744
2000-12-28,713.0,23.4301
2000-12-29,706.0,18.688
2000-12-30,784.0,17.2436
2000-12-31,810.0,18.4454
2001-01-01,841.0,15.1656
2001-01-02,1117.0,46.0153
2001-01-03,1337.0,37.5368
2001-01-04,1521.0,61.1818
2001-01-05,1505.0,27.0751
2001-01-06,1402.0,21.6544
2001-01-07,1269.0,18.9313
2001-01-08,1046.0,17.4825
2001-01-09,834.0,18.9313
2001-01-10,699.0,27.6056
2001-01-11,617.0,19.1753
2001-01-12,629.0,19.6656
2001-01-13,645.0,18.688
2001-01-14,582.0,17.0055
2001-01-15,525.0,14.9394
2001-01-16,487.0,14.4893
2001-01-17,457.0,14.0424
2001-01-18,420.0,14.0424
2001-01-19,441.0,13.8202
2001-01-20,436.0,13.1585
2001-01-21,421.0,13.3782
2001-01-22,426.0,16.3083
2001-01-23,515.0,18.2036
2001-01-24,592.0,14.9394
2001-01-25,980.0,14.4893
2001-01-26,604.0,13.8202
2001-01-27,530.0,13.8202
2001-01-28,520.0,16.3083
2001-01-29,497.0,23.6864
2001-01-30,464.0,22.6651
2001-01-31,462.0,21.9061
2001-02-01,457.0,15.3926
2001-02-02,444.0,29.2111
2001-02-03,410.0,17.4825
2001-02-04,388.0,15.8489
2001-02-05,386.0,15.6204
2001-02-06,375.0,14.2655
2001-02-07,357.0,14.0424
2001-02-08,341.0,14.0424
2001-02-09,353.0,30.8372
2001-02-10,333.0,19.6656
2001-02-11,340.0,14.4893
2001-02-12,355.0,14.4893
2001-02-13,390.0,14.0424
2001-02-14,353.0,14.2655
2001-02-15,347.0,16.7707
2001-02-16,340.0,14.9394
2001-02-17,365.0,14.0424
2001-02-18,301.0,13.1585
2001-02-19,276.0,13.1585
2001-02-20,244.0,12.5044
2001-02-21,225.0,18.4454
2001-02-22,218.0,12.5044
2001-02-23,209.0,12.0727
2001-02-24,201.0,12.0727
2001-02-25,190.0,13.3782
2001-02-26,194.0,12.2881
2001-02-27,185.0,12.0727
2001-02-28,190.0,11.8581
2001-03-01,189.0,12.5044
2001-03-02,207.0,11.8581
2001-03-03,216.0,16.5391
2001-03-04,233.0,12.2881
2001-03-05,298.0,17.0055
2001-03-06,371.0,12.7216
2001-03-07,341.0,14.9394
2001-03-08,378.0,14.2655
2001-03-09,394.0,17.9625
2001-03-10,511.0,15.3926
2001-03-11,1828.0,20.6545
2001-03-12,1033.0,34.9891
2001-03-13,780.0,18.9313
2001-03-14,706.0,14.7139
2001-03-15,772.0,14.0424
2001-03-16,624.0,13.3782
2001-03-17,556.0,12.7216
2001-03-18,462.0,12.5044
2001-03-19,402.0,12.5044
2001-03-20,329.0,13.3782
2001-03-21,329.0,12.9396
2001-03-22,247.0,12.0727
2001-03-23,293.0,12.0727
2001-03-24,274.0,11.6445
2001-03-25,231.0,11.6445
2001-03-26,215.0,11.6445
2001-03-27,193.0,13.1585
2001-03-28,200.0,13.8202
2001-03-29,229.0,20.1586
2001-03-30,232.0,36.683
2001-03-31,279.0,14.7139
2001-04-01,326.0,12.7216
2001-04-02,339.0,19.6656
2001-04-03,408.0,12.2881
2001-04-04,365.0,12.0727
2001-04-05,295.0,12.5044
2001-04-06,272.0,11.6445
2001-04-07,239.0,11.6445
2001-04-08,236.0,11.4317
2001-04-09,224.0,11.4317
2001-04-10,204.0,12.0727
2001-04-11,196.0,11.8581
2001-04-12,191.0,11.6445
2001-04-13,189.0,11.2199
2001-04-14,187.0,11.0089
2001-04-15,170.0,11.0089
2001-04-16,160.0,11.0089
2001-04-17,145.0,10.7989
2001-04-18,140.0,10.5899
2001-04-19,145.0,10.5899
2001-04-20,141.0,10.3818
2001-04-21,142.0,10.1746
2001-04-22,134.0,10.1746
2001-04-23,131.0,9.9684
2001-04-24,123.0,9.9684
2001-04-25,121.0,9.7632
2001-04-26,121.0,9.7632
2001-04-27,119.0,9.559
2001-04-28,111.0,9.559
2001-04-29,109.0,9.3558
2001-04-30,105.0,9.3558
2001-05-01,108.0,9.3558
2001-05-02,109.0,9.3558
2001-05-03,107.0,
2001-05-04,109.0,
2001-05-05,108.0,
2001-05-06,108.0,
2001-05-07,102.0,
2001-05-08,102.0,
2001-05-09,107.0,
2001-05-10,111.0,
2001-05-11,101.0,
2001-05-12,112.0,
2001-05-13,117.0,
2001-05-14,127.0,
2001-05-15,120.0,
2001-05-16,142.0,
2001-05-17,132.0,
2001-05-18,201.0,12.0727
2001-05-19,211.0,9.9684
2001-05-20,196.0,8.9524
2001-05-21,154.0,8.9524
2001-05-22,144.0,8.7523
2001-05-23,143.0,8.7523
2001-05-24,165.0,8.7523
2001-05-25,149.0,9.1536
2001-05-26,142.0,9.3558
2001-05-27,152.0,9.1536
2001-05-28,159.0,9.1536
2001-05-29,149.0,10.1746
2001-05-30,145.0,9.1536
2001-05-31,143.0,8.7523
2001-06-01,141.0,8.5532
2001-06-02,141.0,8.3552
2001-06-03,138.0,8.3552
2001-06-04,136.0,8.3552
2001-06-05,135.0,8.3552
2001-06-06,132.0,8.1582
2001-06-07,135.0,8.1582
2001-06-08,130.0,8.1582
2001-06-09,126.0,7.9624
2001-06-10,123.0,7.9624
2001-06-11,118.0,7.7676
2001-06-12,115.0,7.7676
2001-06-13,119.0,7.7676
2001-06-14,115.0,7.7676
2001-06-15,118.0,7.7676
2001-06-16,114.0,7.7676
2001-06-17,112.0,7.574
2001-06-18,109.0,7.574
2001-06-19,105.0,7.3815
2001-06-20,112.0,7.3815
2001-06-21,109.0,7.3815
2001-06-22,107.0,7.1902
2001-06-23,102.0,7.1902
2001-06-24,103.0,7.1902
2001-06-25,102.0,7.1902
2001-06-26,100.0,7.1902
2001-06-27,101.0,7.0
2001-06-28,100.0,7.0
2001-06-29,101.0,7.0
2001-06-30,100.0,7.0
2001-07-01,99.0,7.0
2001-07-02,99.0,6.811
2001-07-03,99.0,6.811
2001-07-04,100.0,6.811
2001-07-05,100.0,6.6232
2001-07-06,99.0,6.6232
2001-07-07,99.0,6.6232
2001-07-08,100.0,6.6232
2001-07-09,99.0,6.6232
2001-07-10,100.0,6.6232
2001-07-11,100.0,6.6232
2001-07-12,99.0,6.4367
2001-07-13,100.0,6.4367
2001-07-14,99.0,6.4367
2001-07-15,100.0,6.4367
2001-07-16,100.0,6.4367
2001-07-17,100.0,6.2513
2001-07-18,100.0,6.4367
2001-07-19,101.0,6.6232
2001-07-20,99.0,6.4367
2001-07-21,98.0,6.2513
2001-07-22,100.0,6.2513
2001-07-23,101.0,6.0673
2001-07-24,101.0,11.0089
2001-07-25,100.0,7.574
2001-07-26,101.0,6.6232
2001-07-27,99.0,6.4367
2001-07-28,101.0,6.4367
2001-07-29,99.0,6.2513
2001-07-30,101.0,6.2513
2001-07-31,94.0,6.2513
2001-08-01,97.0,6.0673
2001-08-02,92.0,6.0673
2001-08-03,90.0,5.8845
2001-08-04,88.0,5.8845
2001-08-05,90.0,5.8845
2001-08-06,89.0,5.8845
2001-08-07,86.0,5.8845
2001-08-08,84.0,5.703
2001-08-09,77.0,5.703
2001-08-10,74.0,5.703
2001-08-11,73.0,5.703
2001-08-12,70.0,5.703
2001-08-13,70.0,5.703
2001-08-14,72.0,5.703
2001-08-15,71.0,5.703
2001-08-16,71.0,5.5228
2001-08-17,70.0,5.5228
2001-08-18,69.0,5.5228
2001-08-19,70.0,5.5228
2001-08-20,70.0,5.5228
2001-08-21,70.0,5.5228
2001-08-22,74.0,5.344
2001-08-23,73.0,6.2513
2001-08-24,83.0,6.2513
2001-08-25,87.0,6.2513
2001-08-26,99.0,5.703
2001-08-27,111.0,5.5228
2001-08-28,135.0,8.9524
2001-08-29,115.0,6.4367
2001-08-30,110.0,10.1746
2001-08-31,118.0,6.6232
2001-09-01,110.0,6.4367
2001-09-02,127.0,6.0673
2001-09-03,123.0,5.703
2001-09-04,118.0,5.703
2001-09-05,116.0,5.703
2001-09-06,108.0,5.703
2001-09-07,98.0,5.5228
2001-09-08,99.0,5.5228
2001-09-09,90.0,5.5228
2001-09-10,95.0,5.344
2001-09-11,99.0,5.344
2001-09-12,88.0,5.1666
2001-09-13,89.0,4.9905
2001-09-14,125.0,5.8845
2001-09-15,149.0,17.0055
2001-09-16,139.0,7.1902
2001-09-17,132.0,6.2513
2001-09-18,120.0,5.8845
2001-09-19,115.0,5.5228
2001-09-20,115.0,5.5228
2001-09-21,105.0,5.344
2001-09-22,102.0,5.344
2001-09-23,94.0,5.1666
2001-09-24,90.0,5.703
2001-09-25,87.0,5.8845
2001-09-26,106.0,5.344
2001-09-27,92.0,12.7216
2001-09-28,78.0,12.5044
2001-09-29,82.0,6.4367
2001-09-30,98.0,5.8845
2001-10-01,108.0,5.703
2001-10-02,250.0,8.5532
2001-10-03,297.0,9.559
2001-10-04,163.0,5.8845
2001-10-05,197.0,5.5228
2001-10-06,151.0,5.344
2001-10-07,150.0,5.344
2001-10-08,369.0,38.1086
2001-10-09,592.0,15.8489
2001-10-10,369.0,11.8581
2001-10-11,262.0,8.9524
2001-10-12,228.0,7.7676
2001-10-13,213.0,7.1902
2001-10-14,210.0,6.811
2001-10-15,193.0,6.4367
2001-10-16,180.0,6.0673
2001-10-17,176.0,5.8845
2001-10-18,156.0,5.8845
2001-10-19,163.0,5.8845
2001-10-20,185.0,5.8845
2001-10-21,149.0,5.8845
2001-10-22,143.0,5.703
2001-10-23,140.0,5.703
2001-10-24,142.0,5.5228
2001-10-25,128.0,5.344
2001-10-26,117.0,5.344
2001-10-27,106.0,5.344
2001-10-28,104.0,5.1666
2001-10-29,17.0,5.1666
2001-10-30,105.0,4.9905
2001-10-31,303.0,4.9905
2001-11-01,109.0,6.811
2001-11-02,109.0,17.7221
2001-11-03,210.0,8.3552
2001-11-04,203.0,14.7139
2001-11-05,362.0,15.3926
2001-11-06,211.0,8.3552
2001-11-07,258.0,6.4367
2001-11-08,300.0,40.9967
2001-11-09,248.0,14.4893
2001-11-10,259.0,7.9624
2001-11-11,257.0,7.0
2001-11-12,310.0,6.4367
2001-11-13,376.0,8.7523
2001-11-14,624.0,11.8581
2001-11-15,498.0,15.1656
2001-11-16,503.0,7.9624
2001-11-17,702.0,6.4367
2001-11-18,1004.0,10.1746
2001-11-19,756.0,12.0727
2001-11-20,799.0,22.9195
2001-11-21,901.0,10.1746
2001-11-22,553.0,8.1582
2001-11-23,503.0,12.5044
2001-11-24,450.0,11.8581
2001-11-25,406.0,10.5899
2001-11-26,352.0,8.3552
2001-11-27,307.0,7.7676
2001-11-28,264.0,7.574
2001-11-29,457.0,10.5899
2001-11-30,556.0,26.8107
2001-12-01,697.0,16.5391
2001-12-02,501.0,9.7632
2001-12-03,450.0,8.9524
2001-12-04,505.0,8.5532
2001-12-05,448.0,8.5532
2001-12-06,508.0,8.3552
2001-12-07,358.0,8.1582
2001-12-08,298.0,25.7594
2001-12-09,270.0,14.0424
2001-12-10,260.0,9.7632
2001-12-11,223.0,8.7523
2001-12-12,263.0,8.3552
2001-12-13,210.0,8.1582
2001-12-14,261.0,8.9524
2001-12-15,210.0,17.9625
2001-12-16,313.0,15.8489
2001-12-17,626.0,49.9409
2001-12-18,906.0,18.2036
2001-12-19,1584.0,14.0424
2001-12-20,1762.0,92.1156
2001-12-21,1368.0,52.085
2001-12-22,1015.0,34.7085
2001-12-23,1087.0,25.7594
2001-12-24,1142.0,21.9061
2001-12-25,1092.0,35.2701
2001-12-26,1294.0,19.9117
2001-12-27,910.0,19.6656
2001-12-28,910.0,53.0102
2001-12-29,1093.0,139.448
2001-12-30,2036.0,62.7837
2001-12-31,1826.0,49.0284
2002-01-01,1942.83,33.8701
2002-01-02,2104.8,37.8225
2002-01-03,1780.89,25.4981
2002-01-04,1491.54,22.1584
2002-01-05,1315.93,19.4201
2002-01-06,1148.57,20.9034
2002-01-07,1049.72,19.4201
2002-01-08,1265.11,36.683
2002-01-09,929.46,18.9313
2002-01-10,799.83,21.1531
2002-01-11,733.02,16.0782
2002-01-12,637.89,15.8489
2002-01-13,859.96,16.5391
2002-01-14,397.0,58.3227
2002-01-15,529.94,19.9117
2002-01-16,592.44,17.0056
2002-01-17,1391.06,16.3083
2002-01-18,1916.2,16.5391
2002-01-19,3891.65,43.637
2002-01-20,1936.94,30.0216
2002-01-21,2166.7,25.4981
2002-01-22,1620.87,21.9061
2002-01-23,1273.65,19.6656
2002-01-24,1063.31,19.1753
2002-01-25,1002.44,18.688
2002-01-26,920.43,24.9773
2002-01-27,1070.89,49.6363
2002-01-28,988.87,30.2929
2002-01-29,1195.2,27.34
2002-01-30,1046.06,22.1584
2002-01-31,1358.24,19.9117
2002-02-01,1228.98,18.9313
2002-02-02,1279.97,27.8717
2002-02-03,1504.59,19.6656
2002-02-04,1500.39,19.4201
2002-02-05,1051.31,17.7221
2002-02-06,1050.31,22.6651
2002-02-07,1365.13,108.15
2002-02-08,1748.73,45.12
2002-02-09,1604.83,38.3952
2002-02-10,1390.67,32.4834
2002-02-11,2064.05,48.7251
2002-02-12,1795.78,33.8701
2002-02-13,1493.8,28.6736
2002-02-14,1425.09,28.1384
2002-02-15,1412.15,28.4057
2002-02-16,1203.36,31.9325
2002-02-17,1495.8,29.7509
2002-02-18,1655.57,36.1163
2002-02-19,3162.52,28.1384
2002-02-20,3069.24,53.0102
2002-02-21,2393.63,50.5514
2002-02-22,2460.76,44.5254
2002-02-23,2229.59,32.2077
2002-02-24,2045.41,35.5517
2002-02-25,2511.0,77.3671
2002-02-26,2367.13,33.5917
2002-02-27,1997.43,69.8644
2002-02-28,1735.77,33.5917
2002-03-01,1541.37,30.0216
2002-03-02,1443.46,27.6056
2002-03-03,1347.56,27.6056
2002-03-04,1348.56,42.4588
2002-03-05,1349.56,34.7085
2002-03-06,967.98,24.9773
2002-03-07,1065.2,24.7179
2002-03-08,1163.74,29.4807
2002-03-09,883.02,22.9195
2002-03-10,775.54,21.9061
2002-03-11,787.11,21.4034
2002-03-12,677.63,20.4062
2002-03-13,591.35,19.9117
2002-03-14,687.57,19.6656
2002-03-15,679.63,23.6864
2002-03-16,981.93,24.2008
2002-03-17,783.17,38.9699
2002-03-18,686.57,22.6651
2002-03-19,874.07,21.9061
2002-03-20,780.48,20.4062
2002-03-21,973.5,24.459
2002-03-22,1064.32,23.4301
2002-03-23,1166.43,21.6544
2002-03-24,878.7,22.6651
2002-03-25,1265.28,29.7509
2002-03-26,881.33,28.1384
2002-03-27,884.22,30.2929
2002-03-28,591.78,33.3138
2002-03-29,791.11,22.4115
2002-03-30,591.67,21.9061
2002-03-31,688.77,20.9034
2002-04-01,590.78,20.1586
2002-04-02,589.67,19.6656
2002-04-03,491.44,19.1753
2002-04-04,493.33,19.1753
2002-04-05,494.56,18.2036
2002-04-06,408.22,18.4454
2002-04-07,601.67,17.7221
2002-04-08,310.0,18.9313
2002-04-09,300.0,21.6544
2002-04-10,497.44,18.4454
2002-04-11,500.33,18.4454
2002-04-12,494.56,17.4825
2002-04-13,498.44,17.0056
2002-04-14,358.0,16.5391
2002-04-15,493.44,16.3083
2002-04-16,298.0,16.3083
2002-04-17,398.22,16.0782
2002-04-18,398.22,16.0782
2002-04-19,303.0,16.0782
2002-04-20,403.22,15.8489
2002-04-21,402.11,15.8489
2002-04-22,303.0,15.6204
2002-04-23,405.34,15.3926
2002-04-24,207.66,15.1656
2002-04-25,306.0,14.9394
2002-04-26,303.0,14.9394
2002-04-27,295.89,14.7139
2002-04-28,307.0,14.7139
2002-04-29,210.78,14.4893
2002-04-30,400.0,14.2655
2002-05-01,303.78,14.4893
2002-05-02,198.44,15.1656
2002-05-03,401.0,15.8489
2002-05-04,301.89,16.0782
2002-05-05,204.56,17.9625
2002-05-06,401.0,20.1586
2002-05-07,402.0,20.9034
2002-05-08,201.44,14.9394
2002-05-09,399.0,17.7221
2002-05-10,302.89,15.6204
2002-05-11,302.78,14.4893
2002-05-12,299.78,14.0424
2002-05-13,295.78,14.0424
2002-05-14,298.66,13.8202
2002-05-15,197.67,13.5988
2002-05-16,296.78,13.1585
2002-05-17,201.44,13.5988
2002-05-18,301.89,13.5988
2002-05-19,397.0,13.3782
2002-05-20,182.56,13.5988
2002-05-21,304.0,14.0424
2002-05-22,333.0,
2002-05-23,136.44,
2002-05-24,254.89,
2002-05-25,204.33,
2002-05-26,303.56,
2002-05-27,246.78,
2002-05-28,140.22,
2002-05-29,298.67,
2002-05-30,209.22,
2002-05-31,219.67,
2002-06-01,333.0,
2002-06-02,138.56,
2002-06-03,233.66,
2002-06-04,213.67,
2002-06-05,212.56,
2002-06-06,216.56,
2002-06-07,218.56,
2002-06-08,213.44,
2002-06-09,215.67,
2002-06-10,150.22,
2002-06-11,253.67,
2002-06-12,251.56,
2002-06-13,270.19,
2002-06-14,193.09,
2002-06-15,194.09,
2002-06-16,196.09,
2002-06-17,243.33,
2002-06-18,108.83,
2002-06-19,324.85,
2002-06-20,130.32,
2002-06-21,235.37,11.0089
2002-06-22,119.11,11.0089
2002-06-23,224.96,11.0089
2002-06-24,127.94,10.7989
2002-06-25,313.67,10.7989
2002-06-26,126.74,10.7989
2002-06-27,126.94,10.7989
2002-06-28,229.45,10.7989
2002-06-29,127.06,10.5899
2002-06-30,224.85,10.5899
2002-07-01,120.23,10.3818
2002-07-02,224.28,10.3818
2002-07-03,223.85,10.3818
2002-07-04,117.23,10.3818
2002-07-05,223.28,10.1746
2002-07-06,127.74,10.1746
2002-07-07,89.43,10.1746
2002-07-08,214.28,10.1746
2002-07-09,115.43,9.9684
2002-07-10,116.74,9.7632
2002-07-11,408.09,9.7632
2002-07-12,117.74,10.7989
2002-07-13,116.43,11.0089
2002-07-14,219.28,10.1746
2002-07-15,118.43,9.9684
2002-07-16,208.65,9.7632
2002-07-17,218.28,9.7632
2002-07-18,211.65,9.7632
2002-07-19,116.43,9.559
2002-07-20,123.37,9.559
2002-07-21,216.28,9.559
2002-07-22,20.52,9.7632
2002-07-23,210.65,9.9684
2002-07-24,212.28,9.7632
2002-07-25,211.65,9.559
2002-07-26,110.43,9.3558
2002-07-27,116.37,9.1536
2002-07-28,119.37,9.3558
2002-07-29,14.2,8.9524
2002-07-30,217.96,8.9524
2002-07-31,115.94,8.9524
2002-08-01,108.23,8.7523
2002-08-02,116.37,8.7523
2002-08-03,116.37,9.1536
2002-08-04,112.74,8.5532
2002-08-05,106.15,8.5532
2002-08-06,111.86,8.3552
2002-08-07,25.68,8.3552
2002-08-08,138.46,8.3552
2002-08-09,147.63,8.3552
2002-08-10,140.63,8.1582
2002-08-11,155.91,8.1582
2002-08-12,130.37,7.9624
2002-08-13,32.46,7.9624
2002-08-14,138.63,7.9624
2002-08-15,131.69,7.7676
2002-08-16,117.41,7.7676
2002-08-17,67.19,7.7676
2002-08-18,82.13,7.574
2002-08-19,72.87,7.574
2002-08-20,37.63,7.574
2002-08-21,20.37,7.574
2002-08-22,26.31,7.574
2002-08-23,40.0,7.574
2002-08-24,50.0,7.3815
2002-08-25,60.0,7.3815
2002-08-26,60.0,7.3815
2002-08-27,60.0,7.3815
2002-08-28,,7.1902
2002-08-29,,8.3552
2002-08-30,,7.574
2002-08-31,,7.7676
2002-09-01,,7.7676
2002-09-02,,7.574
2002-09-03,,7.574
2002-09-04,,7.1902
2002-09-05,,9.7632
2002-09-06,,8.5532
2002-09-07,,7.7676
2002-09-08,,7.574
2002-09-09,,7.574
2002-09-10,,7.3815
2002-09-11,,7.3815
2002-09-12,,7.1902
2002-09-13,,7.1902
2002-09-14,,7.0
2002-09-15,,7.0
2002-09-16,,7.0
2002-09-17,,6.811
2002-09-18,,6.811
2002-09-19,,6.811
2002-09-20,,6.811
2002-09-21,,7.0
2002-09-22,,7.1902
2002-09-23,,7.3815
2002-09-24,,7.574
2002-09-25,,8.3552
2002-09-26,,7.574
2002-09-27,172.39,7.574
2002-09-28,20.5,7.3815
2002-09-29,326.06,7.0
2002-09-30,172.28,7.0
2002-10-01,189.55,7.0
2002-10-02,151.39,7.574
2002-10-03,85.77,7.574
2002-10-04,43.0,7.574
2002-10-05,120.77,7.1902
2002-10-06,195.39,7.0
2002-10-07,40.5,7.0
2002-10-08,37.38,6.811
2002-10-09,53.39,6.4367
2002-10-10,76.07,6.0673
2002-10-11,73.96,5.8845
2002-10-12,70.07,5.703
2002-10-13,70.19,5.5228
2002-10-14,72.76,5.344
2002-10-15,69.76,5.344
2002-10-16,69.76,5.5228
2002-10-17,63.64,5.344
2002-10-18,62.0,5.344
2002-10-19,62.0,5.344
2002-10-20,62.0,5.1666
2002-10-21,60.0,5.1666
2002-10-22,60.0,5.344
2002-10-23,58.0,8.9524
2002-10-24,58.0,5.8845
2002-10-25,58.0,5.5228
2002-10-26,60.0,5.344
2002-10-27,60.0,5.8845
2002-10-28,62.0,9.7632
2002-10-29,62.0,6.0673
2002-10-30,64.0,9.7632
2002-10-31,68.0,12.5044
2002-11-01,70.0,9.559
2002-11-02,231.21,9.9684
2002-11-03,198.78,7.1902
2002-11-04,158.7,6.6232
2002-11-05,567.63,6.4367
2002-11-06,1031.89,8.3552
2002-11-07,334.35,6.6232
2002-11-08,176.46,6.4367
2002-11-09,290.16,6.4367
2002-11-10,362.35,6.0673
2002-11-11,248.08,6.0673
2002-11-12,437.05,10.3818
2002-11-13,371.35,6.6232
2002-11-14,165.76,29.7509
2002-11-15,226.98,8.7523
2002-11-16,214.09,7.3815
2002-11-17,233.08,8.1582
2002-11-18,103.28,12.2881
2002-11-19,329.17,10.1746
2002-11-20,133.41,8.5532
2002-11-21,332.17,10.1746
2002-11-22,597.37,14.7139
2002-11-23,525.61,14.2655
2002-11-24,396.3,8.9524
2002-11-25,391.98,16.5391
2002-11-26,377.3,10.5899
2002-11-27,458.11,8.7523
2002-11-28,360.98,7.9624
2002-11-29,395.3,7.3815
2002-11-30,261.35,7.3815
2002-12-01,255.72,7.0
2002-12-02,257.35,7.0
2002-12-03,190.54,7.1902
2002-12-04,224.85,7.0
2002-12-05,70.17,33.0365
2002-12-06,18.56,7.7676
2002-12-07,190.17,7.0
2002-12-08,248.04,7.1902
2002-12-09,416.65,8.7523
2002-12-10,806.61,56.7481
2002-12-11,831.74,14.0424
2002-12-12,659.13,15.6204
2002-12-13,888.61,107.645
2002-12-14,2279.5,40.7057
2002-12-15,1830.11,58.6388
2002-12-16,1589.98,25.2374
2002-12-17,1583.93,22.9195
2002-12-18,1308.59,19.1753
2002-12-19,1267.59,15.3926
2002-12-20,1185.96,33.8701
2002-12-21,1122.15,36.9671
2002-12-22,1114.2,37.8225
2002-12-23,793.13,33.0365
2002-12-24,861.26,16.0782
2002-12-25,879.07,16.7707
2002-12-26,1194.72,25.2374
2002-12-27,792.44,16.7707
2002-12-28,749.81,14.0424
2002-12-29,792.14,12.7216
2002-12-30,678.0,11.8581
2002-12-31,873.5,19.1753
2003-01-01,1093.35,41.2882
2003-01-02,948.52,14.7139
2003-01-03,988.65,18.4454
2003-01-04,1429.0,18.9313
2003-01-05,1562.94,17.9625
2003-01-06,1291.5,18.688
2003-01-07,1574.26,17.7221
2003-01-08,1473.13,16.0782
2003-01-09,1503.99,14.9394
2003-01-10,1685.78,13.8202
2003-01-11,1263.3,56.7481
2003-01-12,1138.67,18.688
2003-01-13,1271.5,16.5391
2003-01-14,1137.6,20.9034
2003-01-15,1479.31,
2003-01-16,1418.13,
2003-01-17,1669.96,
2003-01-18,1757.09,
2003-01-19,2164.11,
2003-01-20,3034.02,
2003-01-21,2429.85,
2003-01-22,2203.63,
2003-01-23,2157.63,
2003-01-24,2150.27,
2003-01-25,1998.73,
2003-01-26,1724.22,
2003-01-27,1404.89,
2003-01-28,1476.89,
2003-01-29,1643.06,
2003-01-30,1955.61,
2003-01-31,1857.41,
2003-02-01,1934.68,
2003-02-02,2166.08,
2003-02-03,1851.35,
2003-02-04,1471.95,
2003-02-05,1469.4,
2003-02-06,1398.56,
2003-02-07,1268.5,
2003-02-08,1204.77,
2003-02-09,1193.43,
2003-02-10,1118.24,
2003-02-11,1145.89,
2003-02-12,831.83,
2003-02-13,931.43,
2003-02-14,845.67,22.9195
2003-02-15,873.98,61.8214
2003-02-16,1405.07,23.9433
2003-02-17,803.06,23.1744
2003-02-18,1018.94,24.2008
2003-02-19,1567.15,38.1086
2003-02-20,1818.15,43.9326
2003-02-21,1083.89,32.2077
2003-02-22,1015.93,26.0213
2003-02-23,945.0,23.4301
2003-02-24,778.33,21.9061
2003-02-25,779.65,21.4034
2003-02-26,691.0,20.1586
2003-02-27,695.0,19.6656
2003-02-28,521.02,18.9313
2003-03-01,596.67,18.4454
2003-03-02,530.33,27.8717
2003-03-03,448.37,19.9117
2003-03-04,577.3,19.1753
2003-03-05,476.33,18.2036
2003-03-06,493.33,17.7221
2003-03-07,445.57,17.0055
2003-03-08,636.47,21.9061
2003-03-09,447.06,22.9195
2003-03-10,707.0,22.9195
2003-03-11,635.24,20.1586
2003-03-12,722.0,18.9313
2003-03-13,604.47,21.6544
2003-03-14,955.94,48.1199
2003-03-15,963.59,21.4034
2003-03-16,1352.96,22.4115
2003-03-17,766.18,48.7251
2003-03-18,1982.8,27.34
2003-03-19,1458.5,22.9195
2003-03-20,1420.59,39.258
2003-03-21,1177.87,29.4807
2003-03-22,1340.31,24.9773
2003-03-23,1258.31,25.7594
2003-03-24,1042.28,21.9061
2003-03-25,995.72,20.9034
2003-03-26,1460.69,20.4062
2003-03-27,810.81,22.4115
2003-03-28,718.0,25.4981
2003-03-29,718.0,20.6545
2003-03-30,626.91,19.4201
2003-03-31,636.0,18.9313
2003-04-01,622.09,18.688
2003-04-02,278.37,18.688
2003-04-03,658.0,18.4454
2003-04-04,486.81,18.4454
2003-04-05,509.0,19.1753
2003-04-06,497.0,18.4454
2003-04-07,777.09,18.9313
2003-04-08,502.0,18.688
2003-04-09,706.81,17.9625
2003-04-10,500.0,26.2839
2003-04-11,646.91,28.6736
2003-04-12,510.0,18.688
2003-04-13,498.0,17.9625
2003-04-14,500.0,17.4825
2003-04-15,505.0,17.4825
2003-04-16,511.0,17.7221
2003-04-17,420.09,17.4825
2003-04-18,412.09,17.0055
2003-04-19,421.09,16.5391
2003-04-20,411.09,16.3083
2003-04-21,378.81,16.5391
2003-04-22,504.0,16.0782
2003-04-23,310.81,15.8489
2003-04-24,310.5,15.6204
2003-04-25,319.19,15.6204
2003-04-26,325.19,15.3926
2003-04-27,317.81,15.1656
2003-04-28,324.81,14.9394
2003-04-29,411.41,14.9394
2003-04-30,344.19,14.7139
2003-05-01,219.28,14.4893
2003-05-02,310.81,14.2655
2003-05-03,411.41,14.9394
2003-05-04,164.91,14.7139
2003-05-05,581.91,14.9394
2003-05-06,309.19,19.4201
2003-05-07,504.0,16.5391
2003-05-08,397.09,14.7139
2003-05-09,394.09,14.2655
2003-05-10,406.09,14.0424
2003-05-11,387.41,14.0424
2003-05-12,318.81,13.8202
2003-05-13,215.91,13.8202
2003-05-14,218.28,13.8202
2003-05-15,221.91,13.5988
2003-05-16,406.41,13.5988
2003-05-17,228.91,13.5988
2003-05-18,218.28,13.3782
2003-05-19,320.5,13.1585
2003-05-20,231.22,13.1585
2003-05-21,218.59,13.1585
2003-05-22,310.19,12.9396
2003-05-23,218.91,12.7216
2003-05-24,310.81,12.9396
2003-05-25,211.59,12.9396
2003-05-26,210.28,12.7216
2003-05-27,251.06,12.5044
2003-05-28,169.04,12.5044
2003-05-29,421.67,13.5988
2003-05-30,253.57,12.9396
2003-05-31,251.17,12.5044
2003-06-01,336.59,12.2881
2003-06-02,167.52,12.2881
2003-06-03,251.06,12.2881
2003-06-04,263.37,12.0727
2003-06-05,256.0,12.0727
2003-06-06,250.37,12.0727
2003-06-07,331.7,11.8581
2003-06-08,245.06,11.8581
2003-06-09,242.06,11.8581
2003-06-10,173.41,11.8581
2003-06-11,252.69,11.6445
2003-06-12,173.24,11.6445
2003-06-13,246.17,11.6445
2003-06-14,249.06,11.6445
2003-06-15,254.06,11.4317
2003-06-16,164.41,11.4317
2003-06-17,248.69,11.2199
2003-06-18,257.0,11.2199
2003-06-19,159.41,11.2199
2003-06-20,159.41,11.0089
2003-06-21,163.41,11.0089
2003-06-22,247.06,11.0089
2003-06-23,170.67,10.7989
2003-06-24,247.37,10.7989
2003-06-25,69.46,10.7989
2003-06-26,285.41,10.5899
2003-06-27,205.06,10.5899
2003-06-28,199.19,10.5899
2003-06-29,207.13,10.3818
2003-06-30,230.72,10.3818
2003-07-01,152.56,10.3818
2003-07-02,305.11,10.3818
2003-07-03,152.13,10.1746
2003-07-04,226.0,10.1746
2003-07-05,228.4,10.1746
2003-07-06,204.44,10.1746
2003-07-07,198.56,9.9684
2003-07-08,227.83,9.9684
2003-07-09,149.7,9.9684
2003-07-10,227.0,9.9684
2003-07-11,227.83,9.9684
2003-07-12,303.22,9.7632
2003-07-13,152.44,12.5044
2003-07-14,157.44,10.1746
2003-07-15,129.0,10.3818
2003-07-16,279.2,9.9684
2003-07-17,134.06,9.9684
2003-07-18,209.56,9.7632
2003-07-19,218.44,9.7632
2003-07-20,125.8,9.7632
2003-07-21,256.4,9.559
2003-07-22,191.44,9.559
2003-07-23,117.06,9.559
2003-07-24,263.95,9.3558
2003-07-25,196.44,9.3558
2003-07-26,201.33,9.3558
2003-07-27,64.78,9.1536
2003-07-28,238.33,9.1536
2003-07-29,133.06,8.9524
2003-07-30,203.44,8.9524
2003-07-31,116.06,8.9524
2003-08-01,197.56,8.9524
2003-08-02,91.06,8.9524
2003-08-03,137.83,8.7523
2003-08-04,138.06,8.7523
2003-08-05,143.06,8.7523
2003-08-06,220.33,8.5532
2003-08-07,216.44,8.5532
2003-08-08,115.0,8.5532
2003-08-09,115.0,8.3552
2003-08-10,68.78,8.3552
2003-08-11,67.67,8.3552
2003-08-12,145.06,8.1582
2003-08-13,326.46,8.1582
2003-08-14,90.61,8.3552
2003-08-15,154.93,8.1582
2003-08-16,113.79,9.3558
2003-08-17,130.65,8.7523
2003-08-18,118.0,8.3552
2003-08-19,59.3,8.1582
2003-08-20,218.39,8.1582
2003-08-21,67.3,8.1582
2003-08-22,183.39,7.9624
2003-08-23,110.69,7.9624
2003-08-24,66.35,7.9624
2003-08-25,273.95,7.7676
2003-08-26,179.39,7.7676
2003-08-27,24.3,8.1582
2003-08-28,181.39,9.559
2003-08-29,331.85,12.2881
2003-08-30,255.83,8.5532
2003-08-31,85.35,9.7632
2003-09-01,108.12,8.5532
2003-09-02,229.22,8.1582
2003-09-03,172.35,8.1582
2003-09-04,152.78,7.9624
2003-09-05,222.22,7.9624
2003-09-06,155.04,7.7676
2003-09-07,123.54,7.574
2003-09-08,167.78,7.574
2003-09-09,172.78,7.3815
2003-09-10,144.59,7.3815
2003-09-11,119.65,7.3815
2003-09-12,106.53,7.3815
2003-09-13,266.6,15.6204
2003-09-14,86.89,10.7989
2003-09-15,45.15,7.7676
2003-09-16,289.98,8.1582
2003-09-17,89.33,8.3552
2003-09-18,103.33,8.1582
2003-09-19,122.91,7.7676
2003-09-20,117.53,7.574
2003-09-21,105.26,7.3815
2003-09-22,111.59,7.1902
2003-09-23,121.22,7.0
2003-09-24,120.91,7.0
2003-09-25,46.72,6.811
2003-09-26,71.21,6.811
2003-09-27,49.4,6.6232
2003-09-28,192.73,7.574
2003-09-29,56.46,8.1582
2003-09-30,45.15,7.0
2003-10-01,89.98,6.811
2003-10-02,71.26,6.811
2003-10-03,76.46,6.6232
2003-10-04,88.46,6.4367
2003-10-05,11.02,6.4367
2003-10-06,54.54,6.4367
2003-10-07,123.67,6.2513
2003-10-08,87.91,7.0
2003-10-09,85.91,8.9524
2003-10-10,104.22,7.1902
2003-10-11,102.54,10.3818
2003-10-12,14.54,7.574
2003-10-13,83.72,6.6232
2003-10-14,24.09,7.3815
2003-10-15,154.48,7.0
2003-10-16,65.54,6.811
2003-10-17,19.09,6.6232
2003-10-18,30.8,6.4367
2003-10-19,118.78,6.4367
2003-10-20,115.78,6.2513
2003-10-21,90.91,6.0673
2003-10-22,152.78,6.0673
2003-10-23,119.78,7.0
2003-10-24,185.78,9.559
2003-10-25,82.91,7.1902
2003-10-26,71.91,6.811
2003-10-27,106.78,6.6232
2003-10-28,91.91,6.6232
2003-10-29,124.78,6.4367
2003-10-30,60.91,6.2513
2003-10-31,122.78,6.2513
2003-11-01,57.04,9.1536
2003-11-02,318.39,7.574
2003-11-03,194.96,14.0424
2003-11-04,72.3,7.7676
2003-11-05,89.48,6.811
2003-11-06,254.52,7.9624
2003-11-07,206.22,9.3558
2003-11-08,193.65,8.9524
2003-11-09,105.48,7.574
2003-11-10,143.72,7.0
2003-11-11,261.15,6.6232
2003-11-12,203.28,6.2513
2003-11-13,220.59,6.0673
2003-11-14,96.17,6.6232
2003-11-15,204.96,6.2513
2003-11-16,151.35,12.9396
2003-11-17,143.09,17.7221
2003-11-18,208.91,17.4825
2003-11-19,200.96,11.2199
2003-11-20,165.04,10.7989
2003-11-21,320.39,9.1536
2003-11-22,444.44,8.3552
2003-11-23,205.22,7.574
2003-11-24,213.22,8.3552
2003-11-25,207.22,7.9624
2003-11-26,211.22,8.1582
2003-11-27,302.78,19.4201
2003-11-28,206.65,14.0424
2003-11-29,179.67,32.7597
2003-11-30,273.78,15.1656
2003-12-01,720.22,16.7707
2003-12-02,878.07,14.7139
2003-12-03,946.39,16.5391
2003-12-04,941.44,26.0213
2003-12-05,1052.56,16.0782
2003-12-06,893.46,13.8202
2003-12-07,2020.78,22.1584
2003-12-08,1508.52,28.942
2003-12-09,1405.04,38.1086
2003-12-10,1168.24,37.2517
2003-12-11,902.46,31.6579
2003-12-12,779.78,19.6656
2003-12-13,802.35,16.5391
2003-12-14,558.56,15.3926
2003-12-15,501.0,13.8202
2003-12-16,442.44,12.2881
2003-12-17,440.13,11.8581
2003-12-18,281.52,11.6445
2003-12-19,384.89,11.2199
2003-12-20,329.33,10.5899
2003-12-21,323.39,10.1746
2003-12-22,325.7,10.7989
2003-12-23,275.78,11.8581
2003-12-24,438.13,14.0424
2003-12-25,325.39,12.9396
2003-12-26,494.0,10.1746
2003-12-27,441.13,11.0089
2003-12-28,1125.0,14.9394
2003-12-29,615.74,14.4893
2003-12-30,440.13,37.5368
2003-12-31,436.13,54.5605
2004-01-01,604.74,13.1585
2004-01-02,778.41,37.5368
2004-01-03,781.72,30.0216
2004-01-04,892.52,23.6864
2004-01-05,1134.57,22.1584
2004-01-06,899.09,15.1656
2004-01-07,1131.57,13.8202
2004-01-08,958.96,30.8372
2004-01-09,840.22,19.6656
2004-01-10,956.96,25.4981
2004-01-11,1883.89,21.9061
2004-01-12,2075.02,19.4201
2004-01-13,2797.19,19.4201
2004-01-14,2264.41,38.1086
2004-01-15,2262.78,31.9325
2004-01-16,2152.24,20.4062
2004-01-17,1906.18,18.688
2004-01-18,1502.52,17.2436
2004-01-19,1306.13,16.5391
2004-01-20,1035.78,15.3926
2004-01-21,900.61,14.7139
2004-01-22,891.78,14.4893
2004-01-23,1991.12,41.2882
2004-01-24,1034.3,19.6656
2004-01-25,974.11,16.7707
2004-01-26,965.05,18.9313
2004-01-27,1034.04,130.417
2004-01-28,962.05,56.208
2004-01-29,894.15,61.9768
2004-01-30,1198.67,36.9905
2004-01-31,898.09,29.3812
2004-02-01,839.22,30.4766
2004-02-02,1046.56,30.2017
2004-02-03,907.54,25.902
2004-02-04,846.11,24.0814
2004-02-05,775.29,22.048
2004-02-06,706.02,22.5515
2004-02-07,583.22,21.2988
2004-02-08,1702.35,37.8663
2004-02-09,1716.48,32.4208
2004-02-10,1403.24,27.7599
2004-02-11,2458.17,25.6396
2004-02-12,2777.3,27.2253
2004-02-13,1881.78,22.048
2004-02-14,1729.0,40.8272
2004-02-15,1877.78,33.8303
2004-02-16,2495.77,47.5591
2004-02-17,1459.13,31.5834
2004-02-18,1993.63,29.3812
2004-02-19,1686.3,36.41
2004-02-20,2673.24,36.9905
2004-02-21,2080.65,64.6837
2004-02-22,2242.57,51.3521
2004-02-23,3004.06,57.5239
2004-02-24,2330.33,83.467
2004-02-25,2067.39,76.9402
2004-02-26,1946.33,93.0508
2004-02-27,2237.0,55.8804
2004-02-28,2234.0,49.4452
2004-02-29,2041.19,42.9372
2004-03-01,2418.81,37.8663
2004-03-02,2311.37,65.4678
2004-03-03,1848.41,36.6999
2004-03-04,2712.83,163.347
2004-03-05,3536.04,70.6791
2004-03-06,2880.31,57.1941
2004-03-07,2486.11,53.9263
2004-03-08,2013.57,48.1855
2004-03-09,2002.63,43.8507
2004-03-10,1627.31,40.8272
2004-03-11,1615.37,38.1595
2004-03-12,1524.04,36.1207
2004-03-13,2015.78,52.3132
2004-03-14,1529.55,39.3387
2004-03-15,2017.89,94.9353
2004-03-16,2699.33,50.0785
2004-03-17,2117.0,43.5456
2004-03-18,1438.9,44.1565
2004-03-19,2631.95,37.5737
2004-03-20,1735.0,35.2567
2004-03-21,1645.61,34.1142
2004-03-22,1638.21,32.4208
2004-03-23,1447.96,31.0286
2004-03-24,1240.57,29.654
2004-03-25,1146.35,28.8379
2004-03-26,1153.18,28.0283
2004-03-27,1150.41,48.8142
2004-03-28,947.22,39.3387
2004-03-29,1049.64,45.0773
2004-03-30,849.69,39.3387
2004-03-31,1050.87,34.3988
2004-04-01,949.22,51.6719
2004-04-02,977.11,29.654
2004-04-03,943.69,28.8379
2004-04-04,927.69,31.3056
2004-04-05,927.69,31.0286
2004-04-06,821.26,61.214
2004-04-07,1011.11,33.8303
2004-04-08,1163.41,48.8142
2004-04-09,1560.33,39.043
2004-04-10,2089.22,43.5456
2004-04-11,1672.67,46.3135
2004-04-12,2107.74,33.2644
2004-04-13,1996.94,39.6352
2004-04-14,1344.17,32.9825
2004-04-15,1017.78,32.1409
2004-04-16,945.98,51.6719
2004-04-17,927.39,33.547
2004-04-18,926.39,38.1595
2004-04-19,814.39,39.3387
2004-04-20,799.19,30.7522
2004-04-21,790.07,43.8507
2004-04-22,590.71,30.7522
2004-04-23,694.27,29.1092
2004-04-24,682.65,28.2974
2004-04-25,580.85,27.4922
2004-04-26,812.7,29.9275
2004-04-27,579.97,27.2253
2004-04-28,806.59,26.4291
2004-04-29,466.54,25.6396
2004-04-30,489.43,25.1171
2004-05-01,587.0,24.5977
2004-05-02,585.0,24.0814
2004-05-03,517.31,23.8245
2004-05-04,471.43,23.3129
2004-05-05,474.43,33.2644
2004-05-06,485.54,24.5977
2004-05-07,590.74,23.5683
2004-05-08,353.0,23.0583
2004-05-09,465.43,22.5515
2004-05-10,467.43,22.2994
2004-05-11,469.0,22.048
2004-05-12,450.0,21.5477
2004-05-13,489.54,21.2988
2004-05-14,484.43,21.2988
2004-05-15,365.0,21.5477
2004-05-16,469.31,21.5477
2004-05-17,312.69,20.8035
2004-05-18,536.0,20.5571
2004-05-19,430.57,20.0669
2004-05-20,447.46,20.0669
2004-05-21,516.0,20.3116
2004-05-22,358.0,21.2988
2004-05-23,539.54,
2004-05-24,255.46,
2004-05-25,376.0,
2004-05-26,469.54,
2004-05-27,467.43,
2004-05-28,473.31,
2004-05-29,382.0,
2004-05-30,136.26,18.7444
2004-05-31,471.43,18.5231
2004-06-01,363.0,18.3025
2004-06-02,492.31,18.5231
2004-06-03,381.0,18.7444
2004-06-04,488.43,18.3025
2004-06-05,372.0,18.0825
2004-06-06,487.43,17.6444
2004-06-07,491.54,17.4262
2004-06-08,375.0,17.4262
2004-06-09,381.0,17.2087
2004-06-10,376.0,17.2087
2004-06-11,377.0,16.9918
2004-06-12,375.0,16.7756
2004-06-13,375.0,16.9918
2004-06-14,376.0,16.7756
2004-06-15,325.46,16.56
2004-06-16,326.57,16.7756
2004-06-17,264.26,16.56
2004-06-18,471.0,16.345
2004-06-19,356.57,16.1307
2004-06-20,241.03,15.9171
2004-06-21,354.57,15.9171
2004-06-22,262.69,15.7041
2004-06-23,265.57,15.4918
2004-06-24,341.46,15.4918
2004-06-25,346.57,15.2801
2004-06-26,346.57,15.2801
2004-06-27,346.69,15.0691
2004-06-28,231.03,15.0691
2004-06-29,457.0,15.0691
2004-06-30,230.15,14.8588
2004-07-01,229.26,14.6492
2004-07-02,339.46,14.6492
2004-07-03,228.15,14.4403
2004-07-04,341.69,14.4403
2004-07-05,228.03,14.4403
2004-07-06,340.57,14.4403
2004-07-07,227.26,14.232
2004-07-08,342.57,14.232
2004-07-09,237.41,14.0245
2004-07-10,346.2,14.232
2004-07-11,564.8,17.2087
2004-07-12,299.41,14.6492
2004-07-13,250.29,14.232
2004-07-14,466.0,14.0245
2004-07-15,248.52,13.8177
2004-07-16,354.2,13.6116
2004-07-17,319.2,13.6116
2004-07-18,353.09,13.6116
2004-07-19,135.73,13.4062
2004-07-20,462.0,14.4403
2004-07-21,348.2,13.6116
2004-07-22,351.09,13.2015
2004-07-23,240.73,13.2015
2004-07-24,279.61,12.9976
2004-07-25,275.61,12.9976
2004-07-26,279.61,12.7944
2004-07-27,161.81,12.7944
2004-07-28,277.61,12.5919
2004-07-29,279.61,12.5919
2004-07-30,284.5,12.5919
2004-07-31,177.93,12.3902
2004-08-01,287.61,12.3902
2004-08-02,286.5,12.1892
2004-08-03,287.73,12.1892
2004-08-04,286.61,11.989
2004-08-05,289.61,11.989
2004-08-06,180.81,11.7896
2004-08-07,177.81,11.7896
2004-08-08,257.5,11.7896
2004-08-09,287.73,11.5909
2004-08-10,252.81,11.5909
2004-08-11,73.02,11.5909
2004-08-12,512.2,11.393
2004-08-13,73.02,11.393
2004-08-14,96.02,11.196
2004-08-15,145.81,11.196
2004-08-16,299.75,11.196
2004-08-17,221.97,11.196
2004-08-18,321.39,11.196
2004-08-19,220.74,10.9997
2004-08-20,219.85,10.9997
2004-08-21,222.97,10.9997
2004-08-22,319.39,10.8042
2004-08-23,202.74,10.8042
2004-08-24,222.85,10.8042
2004-08-25,225.97,10.6095
2004-08-26,226.85,10.6095
2004-08-27,131.31,10.4157
2004-08-28,415.81,10.4157
2004-08-29,225.97,10.4157
2004-08-30,228.85,10.4157
2004-08-31,128.31,10.2227
2004-09-01,225.85,10.2227
2004-09-02,133.31,10.2227
2004-09-03,133.31,10.0305
2004-09-04,328.27,10.0305
2004-09-05,132.31,10.0305
2004-09-06,233.97,9.8391
2004-09-07,138.31,9.8391
2004-09-08,257.85,9.6487
2004-09-09,114.31,9.4591
2004-09-10,247.85,9.4591
2004-09-11,144.26,9.4591
2004-09-12,153.94,9.2703
2004-09-13,117.04,9.2703
2004-09-14,156.63,9.2703
2004-09-15,266.85,9.2703
2004-09-16,176.26,9.2703
2004-09-17,173.94,9.2703
2004-09-18,175.26,10.2227
2004-09-19,165.94,11.393
2004-09-20,154.31,12.5919
2004-09-21,175.26,10.2227
2004-09-22,72.41,9.6487
2004-09-23,167.57,9.2703
2004-09-24,188.63,9.2703
2004-09-25,165.31,8.8955
2004-09-26,189.57,8.7094
2004-09-27,120.09,8.7094
2004-09-28,77.24,8.5243
2004-09-29,153.63,8.34
2004-09-30,74.78,8.34
2004-10-01,270.0,8.34
2004-10-02,171.89,8.1567
2004-10-03,253.23,10.2227
2004-10-04,56.55,38.7478
2004-10-05,73.78,10.2227
2004-10-06,77.67,9.4591
2004-10-07,173.89,9.0825
2004-10-08,80.67,8.7094
2004-10-09,77.67,8.5243
2004-10-10,178.89,8.34
2004-10-11,373.33,9.0825
2004-10-12,173.89,9.4591
2004-10-13,163.89,10.4157
2004-10-14,174.89,21.2988
2004-10-15,80.67,11.393
2004-10-16,176.89,56.5361
2004-10-17,271.11,13.6116
2004-10-18,80.67,10.8042
2004-10-19,331.96,10.4157
2004-10-20,341.28,10.2227
2004-10-21,42.98,10.0305
2004-10-22,191.03,9.6487
2004-10-23,186.32,9.4591
2004-10-24,100.93,9.8391
2004-10-25,184.52,9.8391
2004-10-26,318.28,13.4062
2004-10-27,181.11,10.9997
2004-10-28,184.06,10.2227
2004-10-29,288.85,9.8391
2004-10-30,187.23,9.6487
2004-10-31,102.46,9.4591
2004-11-01,370.56,9.0825
2004-11-02,53.52,13.6116
2004-11-03,88.83,11.989
2004-11-04,95.43,10.4157
2004-11-05,215.28,9.2703
2004-11-06,189.65,9.2703
2004-11-07,283.56,14.8588
2004-11-08,190.96,12.9976
2004-11-09,-0.17,10.6095
2004-11-10,4.52,9.6487
2004-11-11,81.83,9.2703
2004-11-12,365.43,8.7094
2004-11-13,169.93,8.5243
2004-11-14,98.43,8.34
2004-11-15,198.28,8.34
2004-11-16,95.43,12.1892
2004-11-17,298.56,10.0305
2004-11-18,216.28,11.196
2004-11-19,304.19,11.7896
2004-11-20,296.19,10.0305
2004-11-21,296.19,9.6487
2004-11-22,193.65,14.232
2004-11-23,193.33,9.6487
2004-11-24,200.28,9.0825
2004-11-25,199.85,8.5243
2004-11-26,131.23,8.34
2004-11-27,228.28,8.7094
2004-11-28,299.19,13.2015
2004-11-29,434.09,12.3902
2004-11-30,297.19,10.8042
2004-12-01,397.09,9.8391
2004-12-02,136.43,15.7041
2004-12-03,291.56,11.7896
2004-12-04,392.09,13.2015
2004-12-05,301.19,11.5909
2004-12-06,144.49,10.6095
2004-12-07,296.56,10.2227
2004-12-08,296.87,9.8391
2004-12-09,394.09,10.4157
2004-12-10,584.91,13.4062
2004-12-11,683.13,12.3902
2004-12-12,1068.7,11.196
2004-12-13,1163.5,11.7896
2004-12-14,963.97,10.2227
2004-12-15,677.81,12.1892
2004-12-16,581.91,10.6095
2004-12-17,497.0,9.8391
2004-12-18,405.09,9.8391
2004-12-19,501.0,9.8391
2004-12-20,504.0,13.6116
2004-12-21,783.72,17.2087
2004-12-22,1464.65,18.0825
2004-12-23,2897.83,152.358
2004-12-24,2044.67,51.6719
2004-12-25,2227.85,30.2017
2004-12-26,2036.72,24.5977
2004-12-27,2230.48,19.823
2004-12-28,2134.14,18.0825
2004-12-29,1650.89,16.7756
2004-12-30,1551.56,17.6444
2004-12-31,1459.28,15.4918
2005-01-01,1368.0,44.7697
2005-01-02,1273.66,17.8631
2005-01-03,1270.89,15.2801
2005-01-04,2028.56,21.0508
2005-01-05,3213.22,32.4208
2005-01-06,2341.88,43.2411
2005-01-07,1892.36,38.7478
2005-01-08,2279.22,47.2468
2005-01-09,1892.28,60.0787
2005-01-10,1591.35,25.6396
2005-01-11,1684.14,22.5515
2005-01-12,1495.56,21.2988
2005-01-13,1794.8,35.2567
2005-01-14,1506.38,20.5571
2005-01-15,1517.87,23.5683
2005-01-16,1505.19,22.2994
2005-01-17,1314.06,20.0669
2005-01-18,1411.16,19.1886
2005-01-19,1582.69,19.1886
2005-01-20,2013.41,18.9662
2005-01-21,2012.15,19.1886
2005-01-22,1614.03,18.5231
2005-01-23,1414.19,17.4262
2005-01-24,1312.54,17.2087
2005-01-25,1112.46,16.345
2005-01-26,1014.46,15.2801
2005-01-27,1611.03,28.2974
2005-01-28,1816.34,34.1142
2005-01-29,2010.76,23.3129
2005-01-30,2306.37,34.6841
2005-01-31,2000.61,53.2794
2005-02-01,2930.37,26.6937
2005-02-02,2856.44,40.5282
2005-02-03,1960.61,23.3129
2005-02-04,1662.0,25.902
2005-02-05,1759.54,32.1409
2005-02-06,1359.27,28.8379
2005-02-07,1559.58,21.7975
2005-02-08,1661.0,20.5571
2005-02-09,1660.0,19.58
2005-02-10,1267.93,19.1886
2005-02-11,1113.35,18.9662
2005-02-12,1212.65,17.8631
2005-02-13,1115.0,17.4262
2005-02-14,1212.07,16.9918
2005-02-15,914.42,16.7756
2005-02-16,912.54,16.56
2005-02-17,812.0,22.2994
2005-02-18,812.0,16.7756
2005-02-19,944.65,16.56
2005-02-20,800.0,16.345
2005-02-21,889.54,16.1307
2005-02-22,862.5,15.9171
2005-02-23,841.19,15.4918
2005-02-24,643.0,14.8588
2005-02-25,616.0,17.2087
2005-02-26,649.54,19.823
2005-02-27,660.42,17.2087
2005-02-28,856.73,37.5737
2005-03-01,855.5,20.5571
2005-03-02,2306.8,23.8245
2005-03-03,2829.72,20.3116
2005-03-04,2934.93,19.823
2005-03-05,2855.94,19.4116
2005-03-06,2478.37,17.4262
2005-03-07,1935.39,16.9918
2005-03-08,2263.66,16.56
2005-03-09,1734.71,16.345
2005-03-10,1509.0,16.56
2005-03-11,1349.8,20.8035
2005-03-12,1304.48,17.8631
2005-03-13,1193.91,18.0825
2005-03-14,1087.0,21.5477
2005-03-15,1149.8,17.4262
2005-03-16,1579.98,17.4262
2005-03-17,1278.59,21.0508
2005-03-18,1397.39,24.0814
2005-03-19,1289.59,21.5477
2005-03-20,1856.72,29.654
2005-03-21,1752.56,36.6999
2005-03-22,1478.7,41.4269
2005-03-23,1193.43,50.7142
2005-03-24,1195.31,40.8272
2005-03-25,1305.85,42.3312
2005-03-26,1413.28,56.8648
2005-03-27,1419.39,30.2017
2005-03-28,1302.74,31.3056
2005-03-29,1216.85,25.6396
2005-03-30,1108.97,24.3392
2005-03-31,995.31,23.0583
2005-04-01,806.0,22.048
2005-04-02,779.0,22.048
2005-04-03,778.0,21.0508
2005-04-04,778.0,20.5571
2005-04-05,668.0,20.3116
2005-04-06,675.0,19.58
2005-04-07,571.0,18.5231
2005-04-08,558.0,18.0825
2005-04-09,642.43,17.8631
2005-04-10,448.0,17.6444
2005-04-11,641.43,17.4262
2005-04-12,547.0,17.2087
2005-04-13,491.0,16.9918
2005-04-14,503.0,16.7756
2005-04-15,497.0,16.56
2005-04-16,514.0,16.56
2005-04-17,465.0,16.345
2005-04-18,516.0,16.1307
2005-04-19,504.0,15.9171
2005-04-20,534.0,15.9171
2005-04-21,497.0,16.56
2005-04-22,506.0,17.8631
2005-04-23,507.0,17.4262
2005-04-24,489.0,19.4116
2005-04-25,504.0,15.7041
2005-04-26,621.54,15.7041
2005-04-27,391.46,18.9662
2005-04-28,380.84,15.9171
2005-04-29,397.57,17.4262
2005-04-30,1869.0,28.0283
2005-05-01,1185.56,16.1307
2005-05-02,505.0,15.2801
2005-05-03,620.43,15.0691
2005-05-04,617.54,14.6492
2005-05-05,618.43,14.6492
2005-05-06,505.0,14.6492
2005-05-07,391.57,14.6492
2005-05-08,504.0,14.4403
2005-05-09,396.46,14.4403
2005-05-10,392.57,14.232
2005-05-11,597.0,14.0245
2005-05-12,272.26,14.0245
2005-05-13,391.57,13.8177
2005-05-14,503.0,13.6116
2005-05-15,278.03,13.6116
2005-05-16,502.0,13.4062
2005-05-17,387.57,13.4062
2005-05-18,273.26,13.4062
2005-05-19,368.03,13.2015
2005-05-20,396.57,13.2015
2005-05-21,395.69,12.9976
2005-05-22,396.57,15.0691
2005-05-23,392.46,14.4403
2005-05-24,281.15,18.5231
2005-05-25,509.0,18.9662
2005-05-26,850.85,28.8379
2005-05-27,628.0,16.56
2005-05-28,741.54,15.2801
2005-05-29,747.43,14.8588
2005-05-30,617.0,14.4403
2005-05-31,621.31,14.4403
2005-06-01,505.0,14.232
2005-06-02,502.0,14.232
2005-06-03,273.26,14.0245
2005-06-04,403.46,14.0245
2005-06-05,398.57,13.8177
2005-06-06,386.57,13.6116
2005-06-07,395.69,13.6116
2005-06-08,286.03,13.6116
2005-06-09,393.57,13.4062
2005-06-10,398.57,13.4062
2005-06-11,276.26,13.2015
2005-06-12,401.46,13.6116
2005-06-13,334.15,13.4062
2005-06-14,277.26,13.2015
2005-06-15,440.46,12.9976
2005-06-16,315.84,12.9976
2005-06-17,292.61,12.7944
2005-06-18,389.57,12.7944
2005-06-19,279.26,12.7944
2005-06-20,618.43,12.5919
2005-06-21,276.03,17.8631
2005-06-22,275.15,13.2015
2005-06-23,274.26,12.7944
2005-06-24,390.46,12.7944
2005-06-25,437.57,12.5919
2005-06-26,265.26,12.3902
2005-06-27,282.66,12.3902
2005-06-28,503.0,12.1892
2005-06-29,286.52,12.1892
2005-06-30,291.41,12.1892
2005-07-01,263.61,11.989
2005-07-02,373.41,11.989
2005-07-03,319.41,11.7896
2005-07-04,264.61,11.5909
2005-07-05,322.41,11.5909
2005-07-06,325.41,11.393
2005-07-07,384.29,11.5909
2005-07-08,225.73,11.393
2005-07-09,213.61,11.393
2005-07-10,366.41,11.196
2005-07-11,154.81,11.5909
2005-07-12,241.5,11.393
2005-07-13,153.93,11.196
2005-07-14,370.41,11.196
2005-07-15,263.61,10.9997
2005-07-16,260.61,10.9997
2005-07-17,264.5,10.8042
2005-07-18,376.52,10.8042
2005-07-19,260.5,11.393
2005-07-20,262.73,11.196
2005-07-21,46.02,10.9997
2005-07-22,263.61,10.9997
2005-07-23,372.41,10.8042
2005-07-24,253.61,10.6095
2005-07-25,372.41,10.6095
2005-07-26,157.81,10.4157
2005-07-27,372.41,10.4157
2005-07-28,157.81,10.4157
2005-07-29,377.29,10.4157
2005-07-30,264.73,10.2227
2005-07-31,151.81,10.2227
2005-08-01,246.5,10.0305
2005-08-02,227.93,10.0305
2005-08-03,306.39,10.0305
2005-08-04,201.74,9.8391
2005-08-05,295.5,9.6487
2005-08-06,196.85,9.6487
2005-08-07,296.27,9.6487
2005-08-08,198.85,9.4591
2005-08-09,201.97,9.4591
2005-08-10,303.39,9.6487
2005-08-11,282.27,9.4591
2005-08-12,200.97,9.4591
2005-08-13,201.85,9.2703
2005-08-14,299.27,9.2703
2005-08-15,297.5,9.2703
2005-08-16,200.85,9.0825
2005-08-17,219.85,9.0825
2005-08-18,223.74,9.2703
2005-08-19,203.85,9.2703
2005-08-20,203.97,9.0825
2005-08-21,306.39,8.8955
2005-08-22,104.31,8.8955
2005-08-23,204.74,8.7094
2005-08-24,207.85,8.5243
2005-08-25,204.97,8.5243
2005-08-26,210.85,8.34
2005-08-27,201.85,8.8955
2005-08-28,304.27,8.7094
2005-08-29,112.31,8.5243
2005-08-30,309.5,8.5243
2005-08-31,117.57,8.34
2005-09-01,315.59,8.34
2005-09-02,310.5,8.1567
2005-09-03,25.24,8.1567
2005-09-04,285.5,8.5243
2005-09-05,115.31,9.2703
2005-09-06,317.02,12.3902
2005-09-07,108.14,10.2227
2005-09-08,245.17,9.0825
2005-09-09,231.23,8.5243
2005-09-10,103.31,8.34
2005-09-11,293.85,8.1567
2005-09-12,212.8,8.1567
2005-09-13,182.9,7.9744
2005-09-14,201.5,10.6095
2005-09-15,211.02,9.2703
2005-09-16,210.33,8.34
2005-09-17,213.39,9.0825
2005-09-18,32.31,9.2703
2005-09-19,221.48,16.56
2005-09-20,229.68,9.8391
2005-09-21,323.5,8.8955
2005-09-22,228.8,8.7094
2005-09-23,125.94,8.34
2005-09-24,229.48,8.1567
2005-09-25,420.56,8.1567
2005-09-26,227.11,9.8391
2005-09-27,421.56,9.2703
2005-09-28,86.89,9.0825
2005-09-29,238.11,8.7094
2005-09-30,238.11,8.5243
2005-10-01,235.11,8.7094
2005-10-02,230.0,8.34
2005-10-03,207.23,8.1567
2005-10-04,210.11,7.9744
2005-10-05,145.89,7.9744
2005-10-06,329.33,21.2988
2005-10-07,40.67,21.0508
2005-10-08,152.89,9.6487
2005-10-09,151.89,8.5243
2005-10-10,254.11,8.5243
2005-10-11,140.89,8.34
2005-10-12,143.89,7.9744
2005-10-13,140.89,7.6126
2005-10-14,46.67,7.429
2005-10-15,147.89,7.2464
2005-10-16,138.89,7.0652
2005-10-17,146.83,6.7074
2005-10-18,197.74,6.5308
2005-10-19,145.52,9.6487
2005-10-20,152.83,25.378
2005-10-21,147.52,9.6487
2005-10-22,58.61,8.1567
2005-10-23,160.83,7.429
2005-10-24,150.52,30.7522
2005-10-25,152.83,9.6487
2005-10-26,162.52,8.34
2005-10-27,59.93,7.9744
2005-10-28,160.2,7.793
2005-10-29,161.15,7.9744
2005-10-30,160.2,7.9744
2005-10-31,219.06,7.793
2005-11-01,485.09,9.0825
2005-11-02,829.81,14.4403
2005-11-03,355.28,37.5737
2005-11-04,547.66,10.6095
2005-11-05,531.89,10.6095
2005-11-06,254.43,8.7094
2005-11-07,282.37,9.8391
2005-11-08,444.56,14.0245
2005-11-09,640.0,9.0825
2005-11-10,226.43,10.4157
2005-11-11,851.91,12.9976
2005-11-12,450.19,9.4591
2005-11-13,437.19,9.6487
2005-11-14,352.65,10.8042
2005-11-15,355.33,10.0305
2005-11-16,359.28,13.4062
2005-11-17,449.19,13.4062
2005-11-18,833.81,15.0691
2005-11-19,829.81,11.7896
2005-11-20,727.91,31.0286
2005-11-21,811.44,13.6116
2005-11-22,1016.57,11.989
2005-11-23,747.91,13.4062
2005-11-24,923.72,52.9568
2005-11-25,999.67,42.9372
2005-11-26,1893.0,37.5737
2005-11-27,1460.74,33.8303
2005-11-28,1111.54,22.2994
2005-11-29,1212.11,35.832
2005-11-30,1182.76,101.68
2005-12-01,930.55,51.3521
2005-12-02,834.25,122.226
2005-12-03,728.91,33.2644
2005-12-04,825.81,29.3812
2005-12-05,830.13,21.0508
2005-12-06,926.55,33.2644
2005-12-07,1788.89,30.4766
2005-12-08,1412.4,130.417
2005-12-09,1398.32,35.544
2005-12-10,1384.2,30.7522
2005-12-11,2198.56,140.598
2005-12-12,,79.0863
2005-12-13,,95.4094
2005-12-14,,70.6791
2005-12-15,,98.2787
2005-12-16,,64.2935
2005-12-17,,65.0751
2005-12-18,,67.05
2005-12-19,1791.55,63.9044
2005-12-20,1768.88,43.2411
2005-12-21,1602.0,31.3056
2005-12-22,1392.02,46.9351
2005-12-23,1142.68,43.8507
2005-12-24,1172.97,29.1092
2005-12-25,1227.0,26.9591
2005-12-26,1068.11,25.6396
2005-12-27,1027.44,24.3392
2005-12-28,902.97,22.5515
2005-12-29,1106.56,22.8045
2005-12-30,881.33,22.2994
2005-12-31,874.39,22.8045
2006-01-01,804.0,23.5683
2006-01-02,705.59,23.5683
2006-01-03,795.0,26.9591
2006-01-04,776.89,33.8303
2006-01-05,971.11,54.2506
2006-01-06,1955.13,45.0773
2006-01-07,1372.69,36.6999
2006-01-08,1544.13,49.1294
2006-01-09,1262.2,44.7697
2006-01-10,1074.5,32.7013
2006-01-11,1164.32,31.8618
2006-01-12,886.11,31.3056
2006-01-13,799.0,29.9275
2006-01-14,710.89,28.2974
2006-01-15,668.56,26.4291
2006-01-16,565.59,24.5977
2006-01-17,605.04,22.8045
2006-01-18,464.02,21.7975
2006-01-19,508.0,21.2988
2006-01-20,504.0,20.3116
2006-01-21,406.78,19.823
2006-01-22,404.78,19.4116
2006-01-23,417.78,19.1886
2006-01-24,425.35,20.3116
2006-01-25,398.0,20.3116
2006-01-26,409.0,21.0508
2006-01-27,395.46,19.4116
2006-01-28,468.58,21.0508
2006-01-29,578.0,28.5673
2006-01-30,615.0,31.5834
2006-01-31,867.83,25.6396
2006-02-01,884.43,22.8045
2006-02-02,730.5,27.4922
2006-02-03,794.1,40.2299
2006-02-04,697.33,23.0583
2006-02-05,621.34,22.2994
2006-02-06,592.54,21.5477
2006-02-07,512.54,20.5571
2006-02-08,514.0,19.823
2006-02-09,512.0,22.048
2006-02-10,602.42,22.048
2006-02-11,588.54,30.7522
2006-02-12,603.65,27.7599
2006-02-13,597.54,26.1651
2006-02-14,701.96,26.1651
2006-02-15,912.63,24.5977
2006-02-16,889.2,24.5977
2006-02-17,798.5,24.857
2006-02-18,811.1,24.0814
2006-02-19,599.22,23.5683
2006-02-20,537.0,22.2994
2006-02-21,555.0,21.5477
2006-02-22,648.11,21.2988
2006-02-23,605.0,23.0583
2006-02-24,833.88,21.7975
2006-02-25,668.0,21.2988
2006-02-26,669.0,20.8035
2006-02-27,867.96,20.3116
2006-02-28,1311.1,23.0583
2006-03-01,761.55,25.1171
2006-03-02,861.83,29.654
2006-03-03,769.41,22.5515
2006-03-04,856.89,23.0583
2006-03-05,865.03,24.857
2006-03-06,865.15,34.6841
2006-03-07,1361.95,119.023
2006-03-08,1061.11,65.4678
2006-03-09,945.69,38.4533
2006-03-10,957.69,35.544
2006-03-11,1454.37,34.1142
2006-03-12,1454.37,32.9825
2006-03-13,1254.41,31.8618
2006-03-14,1951.06,29.9275
2006-03-15,2008.59,41.7277
2006-03-16,2398.76,33.8303
2006-03-17,2013.15,63.9044
2006-03-18,2292.03,68.6511
2006-03-19,2042.87,49.7616
2006-03-20,1681.37,47.2468
2006-03-21,1370.66,41.4269
2006-03-22,1404.69,39.3387
2006-03-23,1300.25,36.9905
2006-03-24,1091.89,34.9701
2006-03-25,1100.78,32.4208
2006-03-26,1017.98,47.872
2006-03-27,1083.78,40.5282
2006-03-28,984.13,34.3988
2006-03-29,989.13,31.8618
2006-03-30,1784.11,31.5834
2006-03-31,987.13,30.7522
2006-04-01,876.7,29.654
2006-04-02,765.39,28.8379
2006-04-03,762.16,28.0283
2006-04-04,762.28,27.4922
2006-04-05,653.85,26.9591
2006-04-06,655.97,26.4291
2006-04-07,658.74,32.1409
2006-04-08,653.97,28.2974
2006-04-09,539.43,27.7599
2006-04-10,600.31,27.2253
2006-04-11,802.39,26.6937
2006-04-12,746.74,26.1651
2006-04-13,640.43,25.902
2006-04-14,640.43,25.1171
2006-04-15,530.0,24.3392
2006-04-16,578.0,23.8245
2006-04-17,1084.13,24.0814
2006-04-18,1542.83,24.5977
2006-04-19,684.97,23.5683
2006-04-20,568.43,22.5515
2006-04-21,570.31,22.048
2006-04-22,573.43,21.5477
2006-04-23,457.0,21.2988
2006-04-24,573.43,21.0508
2006-04-25,459.0,20.8035
2006-04-26,356.57,20.5571
2006-04-27,363.57,20.5571
2006-04-28,468.0,20.3116
2006-04-29,350.69,20.3116
2006-04-30,456.0,20.0669
2006-05-01,456.0,19.823
2006-05-02,349.57,19.58
2006-05-03,463.0,19.1886
2006-05-04,344.46,18.9662
2006-05-05,457.0,18.7444
2006-05-06,347.57,18.5231
2006-05-07,379.57,18.3025
2006-05-08,344.69,18.3025
2006-05-09,344.57,18.5231
2006-05-10,466.0,18.7444
2006-05-11,348.46,18.3025
2006-05-12,344.57,18.0825
2006-05-13,344.57,17.6444
2006-05-14,472.0,17.6444
2006-05-15,343.69,17.4262
2006-05-16,347.57,17.2087
2006-05-17,348.46,16.9918
2006-05-18,343.57,16.9918
2006-05-19,237.26,16.7756
2006-05-20,254.03,16.7756
2006-05-21,333.57,16.56
2006-05-22,451.0,16.345
2006-05-23,329.57,22.8045
2006-05-24,239.26,23.3129
2006-05-25,239.03,21.2988
2006-05-26,279.26,20.5571
2006-05-27,394.03,19.58
2006-05-28,274.84,18.9662
2006-05-29,358.57,17.2087
2006-05-30,236.03,16.7756
2006-05-31,240.26,16.345
2006-06-01,349.57,16.1307
2006-06-02,351.46,16.1307
2006-06-03,352.57,15.9171
2006-06-04,239.26,15.4918
2006-06-05,241.03,15.4918
2006-06-06,239.15,15.2801
2006-06-07,243.26,15.0691
2006-06-08,238.03,15.0691
2006-06-09,237.26,14.8588
2006-06-10,264.03,14.8588
2006-06-11,310.15,14.6492
2006-06-12,196.72,14.6492
2006-06-13,304.15,14.4403
2006-06-14,186.72,14.4403
2006-06-15,301.15,14.232
2006-06-16,188.72,14.232
2006-06-17,303.15,14.232
2006-06-18,302.26,14.0245
2006-06-19,203.61,14.0245
2006-06-20,204.5,13.8177
2006-06-21,241.52,13.8177
2006-06-22,225.41,13.8177
2006-06-23,221.41,13.8177
2006-06-24,222.41,13.8177
2006-06-25,221.29,13.8177
2006-06-26,265.52,13.6116
2006-06-27,319.41,13.8177
2006-06-28,321.41,13.6116
2006-06-29,208.61,13.4062
2006-06-30,207.61,13.6116
2006-07-01,205.5,13.4062
2006-07-02,315.52,13.2015
2006-07-03,205.5,13.2015
2006-07-04,207.73,12.9976
2006-07-05,316.29,12.9976
2006-07-06,206.73,12.7944
2006-07-07,206.61,12.7944
2006-07-08,208.61,12.7944
2006-07-09,317.41,12.3902
2006-07-10,208.61,12.5919
2006-07-11,209.61,12.3902
2006-07-12,318.41,12.3902
2006-07-13,204.61,12.1892
2006-07-14,207.5,12.1892
2006-07-15,113.93,12.1892
2006-07-16,218.61,11.989
2006-07-17,234.5,11.989
2006-07-18,212.73,11.989
2006-07-19,110.81,11.7896
2006-07-20,221.5,11.7896
2006-07-21,120.93,11.5909
2006-07-22,224.61,11.5909
2006-07-23,227.5,11.393
2006-07-24,229.73,11.393
2006-07-25,132.59,11.393
2006-07-26,271.27,11.196
2006-07-27,156.31,11.196
2006-07-28,243.97,10.9997
2006-07-29,354.39,10.9997
2006-07-30,255.74,10.8042
2006-07-31,212.85,11.196
2006-08-01,227.97,14.4403
2006-08-02,215.85,11.393
2006-08-03,217.85,11.196
2006-08-04,282.27,10.9997
2006-08-05,263.97,10.9997
2006-08-06,256.85,10.8042
2006-08-07,253.85,10.8042
2006-08-08,211.74,10.6095
2006-08-09,147.85,10.6095
2006-08-10,113.31,10.4157
2006-08-11,215.97,10.2227
2006-08-12,166.85,10.2227
2006-08-13,230.27,10.0305
2006-08-14,163.85,10.0305
2006-08-15,80.31,9.8392
2006-08-16,195.97,9.8392
2006-08-17,208.85,9.8392
2006-08-18,104.31,9.6487
2006-08-19,264.85,9.6487
2006-08-20,91.04,10.0305
2006-08-21,314.59,10.0305
2006-08-22,65.06,9.4591
2006-08-23,168.68,9.6487
2006-08-24,261.5,9.4591
2006-08-25,73.31,9.4591
2006-08-26,170.8,9.2703
2006-08-27,176.37,9.8392
2006-08-28,285.5,10.4157
2006-08-29,71.89,11.5909
2006-08-30,173.85,11.7896
2006-08-31,67.31,11.393
2006-09-01,146.8,10.8042
2006-09-02,330.56,12.5919
2006-09-03,218.39,11.393
2006-09-04,120.48,10.4157
2006-09-05,229.33,9.8391
2006-09-06,153.85,9.6487
2006-09-07,110.85,9.4591
2006-09-08,122.48,9.4591
2006-09-09,226.33,9.2703
2006-09-10,120.85,9.0825
2006-09-11,150.8,8.8955
2006-09-12,124.37,8.8955
2006-09-13,120.17,8.7094
2006-09-14,233.45,8.7094
2006-09-15,133.11,8.7094
2006-09-16,160.11,8.5243
2006-09-17,161.0,8.34
2006-09-18,162.23,8.34
2006-09-19,180.11,8.1567
2006-09-20,181.11,7.9744
2006-09-21,313.22,11.393
2006-09-22,355.45,11.5909
2006-09-23,334.33,12.1892
2006-09-24,193.0,11.196
2006-09-25,325.45,10.4157
2006-09-26,272.33,10.0305
2006-09-27,174.0,9.8391
2006-09-28,176.23,9.0825
2006-09-29,275.33,8.8955
2006-09-30,279.22,9.0825
2006-10-01,180.23,10.8042
2006-10-02,182.11,10.8042
2006-10-03,109.89,10.6095
2006-10-04,108.89,10.2227
2006-10-05,291.33,11.989
2006-10-06,181.0,36.9905
2006-10-07,377.67,58.5814
2006-10-08,279.22,20.0669
2006-10-09,379.67,14.232
2006-10-10,381.56,12.7944
2006-10-11,284.33,11.196
2006-10-12,380.56,20.8035
2006-10-13,383.19,23.0583
2006-10-14,288.28,14.0245
2006-10-15,478.66,12.1892
2006-10-16,476.89,13.6116
2006-10-17,471.78,13.2015
2006-10-18,576.0,36.1207
2006-10-19,670.22,35.2567
2006-10-20,673.11,93.5201
2006-10-21,767.25,29.1092
2006-10-22,666.91,22.5515
2006-10-23,556.09,19.1886
2006-10-24,500.75,17.6444
2006-10-25,395.45,16.56
2006-10-26,402.96,15.7041
2006-10-27,407.28,15.0691
2006-10-28,403.33,14.4403
2006-10-29,405.65,13.6116
2006-10-30,208.03,12.9976
2006-10-31,206.32,12.7944
2006-11-01,210.03,13.4062
2006-11-02,491.67,12.7944
2006-11-03,493.56,12.5919
2006-11-04,501.19,13.4062
2006-11-05,632.0,12.9976
2006-11-06,693.0,12.9976
2006-11-07,692.0,13.2015
2006-11-08,881.81,13.2015
2006-11-09,693.0,12.7944
2006-11-10,2233.67,13.4062
2006-11-11,880.81,13.4062
2006-11-12,591.09,15.9171
2006-11-13,591.09,13.4062
2006-11-14,498.75,12.5919
2006-11-15,594.89,12.3902
2006-11-16,493.56,12.1892
2006-11-17,400.96,11.7896
2006-11-18,403.28,11.393
2006-11-19,492.56,11.196
2006-11-20,588.78,14.232
2006-11-21,450.56,18.5231
2006-11-22,401.28,13.2015
2006-11-23,501.19,12.5919
2006-11-24,401.33,11.7896
2006-11-25,410.65,11.393
2006-11-26,397.28,12.5919
2006-11-27,597.09,12.7944
2006-11-28,787.91,33.2644
2006-11-29,1075.63,18.5231
2006-11-30,1082.77,15.7041
2006-12-01,1843.89,17.6444
2006-12-02,2613.3,18.7444
2006-12-03,1357.4,16.1307
2006-12-04,935.06,27.4922
2006-12-05,1039.48,34.3988
2006-12-06,1003.11,33.8303
2006-12-07,1033.11,56.8648
2006-12-08,1336.78,35.5441
2006-12-09,2284.78,29.654
2006-12-10,2274.44,64.6837
2006-12-11,2834.78,110.181
2006-12-12,3031.11,99.7293
2006-12-13,4144.12,83.467
2006-12-14,3310.09,87.0565
2006-12-15,3852.09,81.7005
2006-12-16,3158.48,69.4588
2006-12-17,4113.28,73.9853
2006-12-18,3199.63,60.0787
2006-12-19,2792.69,53.9263
2006-12-20,2849.61,46.9351
2006-12-21,2055.31,40.5282
2006-12-22,2154.85,35.832
2006-12-23,1858.12,34.1142
2006-12-24,1655.28,32.9825
2006-12-25,1766.65,31.5834
2006-12-26,1770.53,30.7522
2006-12-27,1971.04,29.1092
2006-12-28,2161.85,65.4678
2006-12-29,3643.45,60.4559
2006-12-30,2370.56,67.8482
2006-12-31,3443.57,100.215
2007-01-01,2531.59,95.4094
2007-01-02,2729.94,88.4221
2007-01-03,3053.82,54.5755
2007-01-04,3258.19,47.872
2007-01-05,3451.91,100.702
2007-01-06,3552.33,66.2565
2007-01-07,3055.34,61.5948
2007-01-08,2702.54,57.8542
2007-01-09,2551.4,60.4559
2007-01-10,2467.41,50.7142
2007-01-11,2436.53,45.3854
2007-01-12,2574.87,72.3228
2007-01-13,2705.36,50.0785
2007-01-14,3157.17,46.9351
2007-01-15,3554.86,42.3312
2007-01-16,3762.99,44.1565
2007-01-17,3237.36,40.5282
2007-01-18,2952.8,38.1595
2007-01-19,2861.66,36.1207
2007-01-20,2765.24,50.3961
2007-01-21,2771.17,55.8804
2007-01-22,2846.0,50.0785
2007-01-23,3043.58,57.5239
2007-01-24,3230.56,69.0544
2007-01-25,2932.97,66.6527
2007-01-26,2867.76,107.645
2007-01-27,2851.04,71.9101
2007-01-28,2948.21,104.145
2007-01-29,3142.02,67.8482
2007-01-30,3671.82,59.3277
2007-01-31,3848.9,95.8846
2007-02-01,3754.85,52.3132
2007-02-02,3821.64,48.4995
2007-02-03,3612.09,48.8142
2007-02-04,2963.08,42.6339
2007-02-05,2850.47,39.9322
2007-02-06,2958.69,60.4559
2007-02-07,3292.33,106.639
2007-02-08,3018.12,93.0508
2007-02-09,2778.83,53.6026
2007-02-10,2496.16,48.8142
2007-02-11,2407.07,45.0773
2007-02-12,2744.51,83.0236
2007-02-13,3164.63,59.3277
2007-02-14,2704.7,52.3132
2007-02-15,2493.62,48.8142
2007-02-16,2273.54,47.2468
2007-02-17,2164.25,47.2468
2007-02-18,2055.59,46.9351
2007-02-19,2056.65,58.954
2007-02-20,2204.56,47.2468
2007-02-21,2094.82,44.1565
2007-02-22,1876.85,40.5282
2007-02-23,1705.25,37.5737
2007-02-24,1595.52,35.832
2007-02-25,1478.19,34.3988
2007-02-26,1415.11,33.547
2007-02-27,1344.47,35.2567
2007-02-28,1232.57,33.547
2007-03-01,1028.98,31.8618
2007-03-02,1050.07,31.0286
2007-03-03,968.5,30.2017
2007-03-04,970.39,29.1092
2007-03-05,884.76,28.5673
2007-03-06,867.1,28.0283
2007-03-07,860.37,27.7599
2007-03-08,848.8,27.2253
2007-03-09,820.69,26.6937
2007-03-10,766.93,26.4291
2007-03-11,769.11,25.6396
2007-03-12,762.6,25.1171
2007-03-13,745.2,24.5977
2007-03-14,651.43,24.0814
2007-03-15,679.54,25.378
2007-03-16,703.43,24.5977
2007-03-17,742.35,26.4291
2007-03-18,728.43,25.902
2007-03-19,790.97,25.1171
2007-03-20,795.29,22.2994
2007-03-21,794.85,30.2017
2007-03-22,825.62,29.1092
2007-03-23,827.33,25.6396
2007-03-24,789.54,24.3392
2007-03-25,789.92,23.3129
2007-03-26,692.46,22.8045
2007-03-27,772.26,22.5515
2007-03-28,654.24,22.048
2007-03-29,643.72,22.048
2007-03-30,685.74,21.5477
2007-03-31,723.19,21.2988
2007-04-01,657.16,21.0508
2007-04-02,496.41,20.8035
2007-04-03,496.64,20.3116
2007-04-04,609.68,20.0669
2007-04-05,495.11,19.823
2007-04-06,586.88,30.7522
2007-04-07,406.57,25.6396
2007-04-08,519.0,22.8045
2007-04-09,632.43,21.7975
2007-04-10,747.45,22.048
2007-04-11,747.47,22.5515
2007-04-12,634.43,22.048
2007-04-13,634.43,21.7975
2007-04-14,520.45,21.2988
2007-04-15,633.65,20.5571
2007-04-16,519.0,20.0669
2007-04-17,520.0,19.58
2007-04-18,633.33,21.7975
2007-04-19,520.0,20.5571
2007-04-20,550.56,20.0669
2007-04-21,520.0,19.823
2007-04-22,519.0,20.3116
2007-04-23,518.0,20.5571
2007-04-24,519.58,23.5683
2007-04-25,520.37,20.3116
2007-04-26,519.0,19.823
2007-04-27,520.0,20.5571
2007-04-28,521.0,29.9275
2007-04-29,633.7,20.5571
2007-04-30,520.0,19.58
2007-05-01,520.0,19.4116
2007-05-02,519.0,19.1886
2007-05-03,533.0,18.9662
2007-05-04,584.12,18.7444
2007-05-05,407.69,18.5231
2007-05-06,408.14,18.3025
2007-05-07,521.21,18.3025
2007-05-08,407.46,18.0825
2007-05-09,407.57,17.8631
2007-05-10,407.58,17.6444
2007-05-11,294.26,17.4262
2007-05-12,293.03,17.4262
2007-05-13,292.26,17.2087
2007-05-14,405.57,16.9918
2007-05-15,292.83,16.9918
2007-05-16,403.35,16.7756
2007-05-17,401.69,16.7756
2007-05-18,399.52,16.56
2007-05-19,292.74,16.345
2007-05-20,293.16,16.345
2007-05-21,406.36,16.1307
2007-05-22,291.56,15.9171
2007-05-23,291.7,16.9918
2007-05-24,404.27,18.7444
2007-05-25,290.69,16.7756
2007-05-26,290.54,16.345
2007-05-27,292.2,16.345
2007-05-28,406.17,16.1307
2007-05-29,405.34,15.9171
2007-05-30,407.13,15.9171
2007-05-31,298.11,15.7041
2007-06-01,302.98,15.4918
2007-06-02,302.9,15.4918
2007-06-03,411.81,15.4918
2007-06-04,412.32,15.2801
2007-06-05,302.41,15.0691
2007-06-06,303.29,15.0691
2007-06-07,304.52,14.8588
2007-06-08,304.41,14.8588
2007-06-09,414.09,14.6492
2007-06-10,309.52,14.6492
2007-06-11,403.79,14.4403
2007-06-12,271.81,14.4403
2007-06-13,386.42,14.232
2007-06-14,295.41,14.232
2007-06-15,304.29,14.0245
2007-06-16,196.9,14.0245
2007-06-17,305.79,13.8177
2007-06-18,305.52,13.8177
2007-06-19,305.78,13.6116
2007-06-20,305.41,13.6116
2007-06-21,196.81,13.6116
2007-06-22,305.41,13.4062
2007-06-23,196.8,13.4062
2007-06-24,304.84,13.4062
2007-06-25,305.41,13.2015
2007-06-26,196.77,13.2015
2007-06-27,306.41,12.9976
2007-06-28,197.61,12.9976
2007-06-29,223.61,12.9976
2007-06-30,305.34,12.9976
2007-07-01,197.61,12.9976
2007-07-02,305.41,12.7944
2007-07-03,306.41,12.5919
2007-07-04,197.61,12.5919
2007-07-05,306.54,12.5919
2007-07-06,198.55,12.5919
2007-07-07,197.38,12.3902
2007-07-08,304.91,12.3902
2007-07-09,195.88,12.1892
2007-07-10,304.48,12.1892
2007-07-11,195.61,12.1892
2007-07-12,195.23,11.989
2007-07-13,304.32,11.989
2007-07-14,226.38,11.989
2007-07-15,226.27,11.7896
2007-07-16,226.27,11.7896
2007-07-17,325.5,11.5909
2007-07-18,226.04,11.5909
2007-07-19,227.27,11.5909
2007-07-20,226.29,11.393
2007-07-21,226.28,11.393
2007-07-22,226.56,11.393
2007-07-23,227.0,11.393
2007-07-24,225.9,11.989
2007-07-25,324.68,12.5919
2007-07-26,224.43,12.3902
2007-07-27,224.72,11.989
2007-07-28,224.31,12.9976
2007-07-29,324.21,12.5919
2007-07-30,225.21,12.3902
2007-07-31,324.66,12.1892
2007-08-01,263.71,11.989
2007-08-02,167.43,11.989
2007-08-03,236.42,11.989
2007-08-04,236.52,11.7896
2007-08-05,236.28,11.7896
2007-08-06,237.44,11.7896
2007-08-07,252.0,11.7896
2007-08-08,239.97,11.5909
2007-08-09,146.74,11.393
2007-08-10,144.61,11.393
2007-08-11,247.16,11.196
2007-08-12,146.83,11.196
2007-08-13,148.66,10.9997
2007-08-14,190.08,10.8042
2007-08-15,238.95,10.6095
2007-08-16,238.82,10.6095
2007-08-17,243.64,10.4157
2007-08-18,146.34,10.2227
2007-08-19,139.47,10.2227
2007-08-20,148.72,10.0305
2007-08-21,142.72,10.0305
2007-08-22,239.71,9.8391
2007-08-23,140.23,9.8391
2007-08-24,246.95,9.6487
2007-08-25,144.31,9.6487
2007-08-26,239.74,9.4591
2007-08-27,148.31,9.4591
2007-08-28,240.1,9.2703
2007-08-29,137.19,9.2703
2007-08-30,136.81,9.2703
2007-08-31,147.75,9.0825
2007-09-01,290.72,9.0825
2007-09-02,168.48,9.0825
2007-09-03,167.4,8.8955
2007-09-04,170.89,8.8955
2007-09-05,178.04,8.8955
2007-09-06,167.26,8.8955
2007-09-07,75.31,8.7094
2007-09-08,168.33,8.7094
2007-09-09,170.08,8.5243
2007-09-10,181.5,8.5243
2007-09-11,182.36,8.5243
2007-09-12,182.08,8.34
2007-09-13,181.46,8.34
2007-09-14,84.09,8.1567
2007-09-15,83.23,8.1567
2007-09-16,180.7,8.1567
2007-09-17,181.82,8.34
2007-09-18,84.55,8.1567
2007-09-19,181.23,8.1567
2007-09-20,84.09,7.9744
2007-09-21,85.06,7.9744
2007-09-22,182.2,7.9744
2007-09-23,181.67,7.9744
2007-09-24,173.04,7.9744
2007-09-25,199.63,7.793
2007-09-26,102.89,7.793
2007-09-27,86.21,7.6126
2007-09-28,83.96,7.6126
2007-09-29,82.95,7.9744
2007-09-30,180.08,7.793
2007-10-01,181.3,16.7756
2007-10-02,93.85,8.8955
2007-10-03,86.96,8.5243
2007-10-04,95.04,8.1567
2007-10-05,184.22,7.9744
2007-10-06,91.08,7.793
2007-10-07,89.55,7.793
2007-10-08,92.75,7.6126
2007-10-09,82.51,7.6126
2007-10-10,101.2,7.6126
2007-10-11,98.25,7.429
2007-10-12,99.61,7.429
2007-10-13,97.95,7.2464
2007-10-14,82.12,7.2464
2007-10-15,102.52,7.2464
2007-10-16,109.07,7.2464
2007-10-17,89.35,7.0652
2007-10-18,101.27,9.0824
2007-10-19,113.83,9.4591
2007-10-20,107.23,8.8955
2007-10-21,104.75,8.7094
2007-10-22,194.3,8.5243
2007-10-23,145.68,8.34
2007-10-24,217.19,8.34
2007-10-25,276.72,21.0508
2007-10-26,131.04,10.2227
2007-10-27,124.59,8.8955
2007-10-28,221.23,8.7094
2007-10-29,119.03,8.5243
2007-10-30,128.78,8.34
2007-10-31,163.39,8.1567
2007-11-01,153.41,7.9744
2007-11-02,126.51,7.793
2007-11-03,142.88,7.9744
2007-11-04,120.0,10.8042
2007-11-05,229.02,12.1892
2007-11-06,147.75,13.6116
2007-11-07,209.03,67.4485
2007-11-08,156.68,15.2801
2007-11-09,247.78,14.6492
2007-11-10,352.57,13.2015
2007-11-11,325.96,12.3902
2007-11-12,341.46,34.3988
2007-11-13,334.2,14.232
2007-11-14,333.76,16.9918
2007-11-15,314.41,13.6116
2007-11-16,335.93,12.9976
2007-11-17,320.58,13.2015
2007-11-18,235.98,11.7896
2007-11-19,321.72,12.7944
2007-11-20,328.34,14.4403
2007-11-21,138.84,17.4262
2007-11-22,327.65,13.8177
2007-11-23,148.82,12.7944
2007-11-24,146.86,11.989
2007-11-25,284.18,14.8588
2007-11-26,113.37,14.8588
2007-11-27,284.61,13.8177
2007-11-28,295.2,13.2015
2007-11-29,286.88,14.4403
2007-11-30,309.0,12.7944
2007-12-01,282.83,12.1892
2007-12-02,290.11,11.7896
2007-12-03,195.87,11.393
2007-12-04,195.96,12.1892
2007-12-05,283.64,12.1892
2007-12-06,275.13,11.196
2007-12-07,257.62,10.8042
2007-12-08,370.21,10.0305
2007-12-09,361.8,16.1307
2007-12-10,443.85,14.0245
2007-12-11,462.61,16.1307
2007-12-12,489.49,14.4403
2007-12-13,516.78,13.4062
2007-12-14,522.14,16.345
2007-12-15,529.33,14.8588
2007-12-16,524.52,58.5814
2007-12-17,588.46,15.9171
2007-12-18,517.37,15.0691
2007-12-19,548.02,17.2087
2007-12-20,708.55,126.015
2007-12-21,1135.65,102.662
2007-12-22,1089.56,65.4678
2007-12-23,1243.69,32.1409
2007-12-24,1320.31,30.7522
2007-12-25,1245.28,35.5441
2007-12-26,1244.74,22.5515
2007-12-27,1249.68,20.5571
2007-12-28,864.04,19.823
2007-12-29,864.86,18.9662
2007-12-30,558.03,17.6444
2007-12-31,479.0,16.9918
2008-01-01,490.76,16.345
2008-01-02,488.16,15.7041
2008-01-03,327.93,15.2801
2008-01-04,361.62,14.6492
2008-01-05,306.24,14.0245
2008-01-06,393.46,13.4062
2008-01-07,457.39,20.3116
2008-01-08,531.67,14.6492
2008-01-09,473.16,14.232
2008-01-10,548.78,13.8177
2008-01-11,556.67,29.1092
2008-01-12,617.06,16.345
2008-01-13,616.06,18.9662
2008-01-14,698.44,18.0825
2008-01-15,918.61,18.0825
2008-01-16,913.61,18.5231
2008-01-17,770.83,25.902
2008-01-18,626.06,18.7444
2008-01-19,545.67,20.0669
2008-01-20,771.72,21.7975
2008-01-21,759.34,33.547
2008-01-22,892.39,26.6937
2008-01-23,1045.17,28.2974
2008-01-24,1227.94,32.4208
2008-01-25,1483.38,40.2299
2008-01-26,1401.5,54.9009
2008-01-27,1474.89,64.6837
2008-01-28,2011.73,176.005
2008-01-29,2243.78,159.641
2008-01-30,2233.35,85.2523
2008-01-31,2396.64,72.3228
2008-02-01,2679.02,152.358
2008-02-02,3134.34,83.9115
2008-02-03,3171.3,102.662
2008-02-04,2903.28,263.446
2008-02-05,2727.98,169.617
2008-02-06,3004.07,113.781
2008-02-07,3296.69,141.753
2008-02-08,3269.59,167.094
2008-02-09,3179.31,120.619
2008-02-10,3130.02,73.9853
2008-02-11,2947.83,66.6527
2008-02-12,2752.02,60.8344
2008-02-13,2558.77,56.8648
2008-02-14,2369.19,56.208
2008-02-15,2173.63,52.9568
2008-02-16,2085.67,48.1855
2008-02-17,1980.5,45.0773
2008-02-18,1876.54,43.2411
2008-02-19,1684.46,41.1267
2008-02-20,1591.56,41.7277
2008-02-21,1594.7,39.3387
2008-02-22,1604.56,37.8663
2008-02-23,1504.22,36.41
2008-02-24,1307.78,34.6841
2008-02-25,1307.78,33.2644
2008-02-26,1306.66,42.9372
2008-02-27,1309.89,33.2644
2008-02-28,1327.78,31.8618
2008-02-29,1247.56,29.9275
2008-03-01,1161.33,28.8379
2008-03-02,1066.11,28.2974
2008-03-03,1067.11,27.4922
2008-03-04,1128.22,26.1651
2008-03-05,929.83,25.902
2008-03-06,1015.86,26.4291
2008-03-07,830.98,28.8379
2008-03-08,1040.37,28.8379
2008-03-09,1149.96,28.2974
2008-03-10,1308.3,30.4766
2008-03-11,1395.14,33.2644
2008-03-12,1300.84,29.1092
2008-03-13,1408.52,39.043
2008-03-14,1549.8,35.832
2008-03-15,1846.61,38.4533
2008-03-16,2127.56,154.163
2008-03-17,2175.59,72.3228
2008-03-18,2428.55,67.8482
2008-03-19,2637.39,65.0751
2008-03-20,2548.74,62.3599
2008-03-21,1942.4,58.954
2008-03-22,1645.02,53.6026
2008-03-23,1477.75,47.5591
2008-03-24,1410.49,42.3312
2008-03-25,1417.37,42.6339
2008-03-26,1424.37,39.6352
2008-03-27,1641.96,36.9905
2008-03-28,1519.17,35.2567
2008-03-29,1423.37,34.1142
2008-03-30,1421.37,32.1409
2008-03-31,1311.57,30.7522
2008-04-01,1312.57,29.9275
2008-04-02,1192.78,29.3812
2008-04-03,987.19,28.5673
2008-04-04,987.19,36.9905
2008-04-05,978.19,32.7013
2008-04-06,1095.98,31.3056
2008-04-07,1437.29,59.3277
2008-04-08,1913.23,36.9905
2008-04-09,1800.69,46.0035
2008-04-10,1553.83,35.5441
2008-04-11,1456.29,49.7616
2008-04-12,1350.1,33.2644
2008-04-13,1336.87,32.1409
2008-04-14,1235.56,31.3056
2008-04-15,1234.56,30.7522
2008-04-16,1121.13,29.654
2008-04-17,1027.28,28.2974
2008-04-18,1034.39,27.7599
2008-04-19,1033.16,27.2253
2008-04-20,919.97,28.2974
2008-04-21,919.74,51.6719
2008-04-22,807.43,34.1142
2008-04-23,918.97,32.4208
2008-04-24,807.43,31.5834
2008-04-25,919.74,31.3056
2008-04-26,807.43,29.9275
2008-04-27,806.54,28.8379
2008-04-28,693.0,28.0283
2008-04-29,727.26,26.9591
2008-04-30,819.4,26.1651
2008-05-01,684.26,25.6396
2008-05-02,818.63,24.857
2008-05-03,551.0,24.3392
2008-05-04,550.0,24.3392
2008-05-05,550.0,24.0814
2008-05-06,684.26,23.5683
2008-05-07,542.0,23.3129
2008-05-08,448.74,23.0583
2008-05-09,541.0,22.8045
2008-05-10,539.0,22.5515
2008-05-11,538.0,22.2994
2008-05-12,535.0,22.2994
2008-05-13,509.0,22.048
2008-05-14,368.74,21.7975
2008-05-15,512.0,21.7975
2008-05-16,500.0,21.5477
2008-05-17,508.0,21.2988
2008-05-18,510.0,21.2988
2008-05-19,375.62,21.0508
2008-05-20,375.74,20.8035
2008-05-21,510.0,20.8035
2008-05-22,501.0,20.5571
2008-05-23,510.0,20.3116
2008-05-24,375.86,20.0669
2008-05-25,510.0,19.823
2008-05-26,375.74,19.58
2008-05-27,510.0,19.4116
2008-05-28,375.74,19.1886
2008-05-29,284.03,18.9662
2008-05-30,397.57,18.7444
2008-05-31,510.0,18.7444
2008-06-01,397.69,18.7444
2008-06-02,395.57,19.823
2008-06-03,280.03,19.1886
2008-06-04,395.57,18.7444
2008-06-05,398.69,18.5231
2008-06-06,397.57,18.3025
2008-06-07,397.46,18.3025
2008-06-08,397.57,18.0825
2008-06-09,279.26,17.8631
2008-06-10,397.57,17.6444
2008-06-11,397.46,17.6444
2008-06-12,398.57,17.4262
2008-06-13,285.26,17.2087
2008-06-14,398.57,16.9918
2008-06-15,398.46,16.9918
2008-06-16,286.15,16.7756
2008-06-17,286.26,16.56
2008-06-18,400.46,16.56
2008-06-19,289.15,16.345
2008-06-20,399.69,16.345
2008-06-21,400.57,16.1307
2008-06-22,287.03,16.1307
2008-06-23,289.26,15.9171
2008-06-24,289.03,16.345
2008-06-25,403.57,16.7756
2008-06-26,290.26,16.1307
2008-06-27,399.57,15.9171
2008-06-28,394.46,15.7041
2008-06-29,281.15,15.7041
2008-06-30,282.26,15.4918
2008-07-01,281.03,15.4918
2008-07-02,281.26,15.2801
2008-07-03,281.03,15.2801
2008-07-04,282.15,15.0691
2008-07-05,282.26,15.0691
2008-07-06,285.03,14.8588
2008-07-07,276.26,14.8588
2008-07-08,325.03,14.6492
2008-07-09,386.15,14.6492
2008-07-10,272.26,14.4403
2008-07-11,276.03,14.4403
2008-07-12,277.26,14.4403
2008-07-13,277.03,14.232
2008-07-14,278.15,14.232
2008-07-15,164.72,14.232
2008-07-16,267.15,14.0245
2008-07-17,198.72,14.0245
2008-07-18,279.15,13.8177
2008-07-19,280.26,13.8177
2008-07-20,278.03,13.8177
2008-07-21,166.84,13.6116
2008-07-22,280.03,13.6116
2008-07-23,279.26,13.6116
2008-07-24,281.03,13.4062
2008-07-25,202.84,13.4062
2008-07-26,290.66,13.4062
2008-07-27,218.73,13.2015
2008-07-28,215.61,13.2015
2008-07-29,219.61,13.2015
2008-07-30,221.61,12.9976
2008-07-31,322.41,12.9976
2008-08-01,224.61,12.7944
2008-08-02,218.5,12.7944
2008-08-03,297.52,12.5919
2008-08-04,218.5,12.5919
2008-08-05,222.73,12.9976
2008-08-06,220.61,13.4062
2008-08-07,221.61,12.9976
2008-08-08,242.61,12.7944
2008-08-09,221.5,12.5919
2008-08-10,220.73,12.3902
2008-08-11,225.61,12.3902
2008-08-12,260.61,12.1892
2008-08-13,248.61,12.1892
2008-08-14,158.81,12.1892
2008-08-15,227.61,11.989
2008-08-16,227.61,11.7896
2008-08-17,227.5,11.7896
2008-08-18,264.73,11.5909
2008-08-19,201.61,11.5909
2008-08-20,162.7,11.393
2008-08-21,173.93,11.196
2008-08-22,250.61,11.196
2008-08-23,120.81,10.9997
2008-08-24,182.7,10.9997
2008-08-25,230.93,10.9997
2008-08-26,108.02,10.9997
2008-08-27,198.85,10.8042
2008-08-28,201.85,10.8042
2008-08-29,211.74,10.8042
2008-08-30,184.31,10.6095
2008-08-31,185.31,18.0825
2008-09-01,208.85,11.7896
2008-09-02,172.5,11.196
2008-09-03,206.27,10.9997
2008-09-04,161.85,10.9997
2008-09-05,157.97,10.8042
2008-09-06,194.85,10.8042
2008-09-07,233.85,10.6095
2008-09-08,193.31,10.6095
2008-09-09,194.31,10.6095
2008-09-10,175.74,10.4157
2008-09-11,167.85,10.4157
2008-09-12,266.5,10.2227
2008-09-13,163.85,10.2227
2008-09-14,121.31,10.2227
2008-09-15,187.31,10.4157
2008-09-16,156.31,10.9997
2008-09-17,248.74,11.196
2008-09-18,251.85,11.5909
2008-09-19,171.31,10.8042
2008-09-20,201.63,10.6095
2008-09-21,229.23,15.0691
2008-09-22,192.31,16.7756
2008-09-23,264.11,11.393
2008-09-24,303.17,10.8042
2008-09-25,300.74,10.6095
2008-09-26,303.17,10.4157
2008-09-27,406.45,10.2227
2008-09-28,400.59,10.0305
2008-09-29,408.5,10.2227
2008-09-30,316.11,9.8391
2008-10-01,310.17,9.8391
2008-10-02,308.74,13.4062
2008-10-03,216.06,11.393
2008-10-04,216.14,11.196
2008-10-05,215.06,10.6095
2008-10-06,205.14,10.4157
2008-10-07,202.31,10.4157
2008-10-08,214.06,10.2227
2008-10-09,202.19,10.2227
2008-10-10,227.16,10.9997
2008-10-11,227.39,10.8042
2008-10-12,232.22,10.6095
2008-10-13,246.11,10.4157
2008-10-14,246.34,10.4157
2008-10-15,253.22,10.2227
2008-10-16,230.22,10.0305
2008-10-17,158.44,10.0305
2008-10-18,230.89,9.8391
2008-10-19,122.67,9.6487
2008-10-20,151.89,9.8391
2008-10-21,203.11,10.0305
2008-10-22,129.67,10.2227
2008-10-23,237.89,10.2227
2008-10-24,141.67,10.0305
2008-10-25,142.67,9.8391
2008-10-26,146.98,9.6487
2008-10-27,145.93,9.4591
2008-10-28,58.7,9.0825
2008-10-29,153.98,8.8955
2008-10-30,131.13,8.8955
2008-10-31,140.32,8.7094
2008-11-01,156.93,8.5243
2008-11-02,59.7,14.0245
2008-11-03,168.98,8.8955
2008-11-04,61.02,8.5243
2008-11-05,131.52,8.34
2008-11-06,231.94,8.5243
2008-11-07,227.23,10.2227
2008-11-08,331.28,8.8955
2008-11-09,361.85,8.34
2008-11-10,374.45,10.6095
2008-11-11,512.78,9.8391
2008-11-12,518.09,11.5909
2008-11-13,684.19,15.9171
2008-11-14,620.85,14.0245
2008-11-15,712.67,10.6095
2008-11-16,712.56,10.0305
2008-11-17,713.19,9.8391
2008-11-18,718.19,10.2227
2008-11-19,713.75,10.6095
2008-11-20,699.67,9.8391
2008-11-21,572.65,9.2703
2008-11-22,566.19,9.0825
2008-11-23,452.85,8.8955
2008-11-24,412.67,8.8955
2008-11-25,402.56,8.7094
2008-11-26,424.19,8.5243
2008-11-27,419.28,12.9976
2008-11-28,363.11,12.7944
2008-11-29,374.06,11.196
2008-11-30,379.37,11.7896
2008-12-01,377.94,10.9997
2008-12-02,366.23,10.4157
2008-12-03,371.28,10.0305
2008-12-04,324.85,9.4591
2008-12-05,226.23,8.8955
2008-12-06,225.37,13.8177
2008-12-07,315.28,9.6487
2008-12-08,217.94,9.0825
2008-12-09,304.45,9.2703
2008-12-10,219.06,8.8955
2008-12-11,317.85,10.0305
2008-12-12,179.32,11.989
2008-12-13,286.46,13.6116
2008-12-14,285.03,23.5683
2008-12-15,153.98,15.4918
2008-12-16,475.92,15.7041
2008-12-17,1053.08,41.7277
2008-12-18,2054.71,24.3392
2008-12-19,2834.11,35.832
2008-12-20,3060.93,19.4116
2008-12-21,3148.83,17.4262
2008-12-22,3507.04,16.9918
2008-12-23,4170.33,22.8045
2008-12-24,3522.72,21.7975
2008-12-25,2910.76,20.3116
2008-12-26,2480.88,23.5683
2008-12-27,2571.34,185.808
2008-12-28,2668.44,83.9115
2008-12-29,3665.0,52.3573
2008-12-30,3680.62,32.2986
2008-12-31,3134.36,28.463
2009-01-01,2924.48,26.6051
2009-01-02,2883.69,24.7883
2009-01-03,2893.14,21.7727
2009-01-04,2695.67,19.834
2009-01-05,2561.37,19.1222
2009-01-06,2642.37,18.419
2009-01-07,2440.18,17.7243
2009-01-08,2250.34,16.8117
2009-01-09,1922.03,22.2664
2009-01-10,1640.19,21.7727
2009-01-11,1341.46,19.834
2009-01-12,1198.35,18.419
2009-01-13,1095.0,17.0384
2009-01-14,828.0,15.6931
2009-01-15,843.0,20.3131
2009-01-16,943.65,20.3131
2009-01-17,944.54,27.6618
2009-01-18,1142.5,33.1408
2009-01-19,1141.73,20.5541
2009-01-20,1377.11,20.0731
2009-01-21,1835.37,25.3031
2009-01-22,2062.91,30.9108
2009-01-23,2354.37,29.8148
2009-01-24,2527.83,30.0876
2009-01-25,3047.15,109.163
2009-01-26,3269.94,52.6846
2009-01-27,3053.35,68.2491
2009-01-28,2512.37,97.7975
2009-01-29,2180.98,68.2491
2009-01-30,1957.39,68.6511
2009-01-31,1845.59,52.3573
2009-02-01,1836.59,88.4221
2009-02-02,1846.59,42.8535
2009-02-03,1959.39,36.5788
2009-02-04,2070.07,40.4252
2009-02-05,2170.98,32.5786
2009-02-06,2096.71,38.0434
2009-02-07,2008.29,36.2881
2009-02-08,1897.73,30.9108
2009-02-09,1892.61,28.7318
2009-02-10,1894.61,29.8148
2009-02-11,2004.41,29.0013
2009-02-12,2124.59,27.1318
2009-02-13,2173.98,29.2717
2009-02-14,2229.98,93.0508
2009-02-15,2511.37,53.0126
2009-02-16,2623.17,42.8535
2009-02-17,2719.96,37.1624
2009-02-18,2297.78,34.5599
2009-02-19,1859.59,33.1408
2009-02-20,1632.43,31.4635
2009-02-21,1553.74,30.0876
2009-02-22,1546.97,28.463
2009-02-23,1553.74,36.8702
2009-02-24,1553.85,29.0013
2009-02-25,1597.28,34.5599
2009-02-26,1800.56,38.3386
2009-02-27,2022.52,34.2745
2009-02-28,1804.87,30.0876
2009-03-01,1576.13,28.463
2009-03-02,1574.13,26.6051
2009-03-03,1359.7,25.5618
2009-03-04,1378.13,24.7883
2009-03-05,1379.13,24.0226
2009-03-06,1264.82,26.0818
2009-03-07,1259.7,24.0226
2009-03-08,1148.16,24.5322
2009-03-09,1144.39,23.5164
2009-03-10,1033.74,29.0013
2009-03-11,1033.97,30.3612
2009-03-12,1032.74,25.5618
2009-03-13,919.43,30.0876
2009-03-14,959.7,26.6051
2009-03-15,975.82,26.343
2009-03-16,1097.13,25.8214
2009-03-17,1081.13,36.8702
2009-03-18,1225.22,28.7318
2009-03-19,1207.04,26.343
2009-03-20,1191.66,25.3031
2009-03-21,1196.89,25.5618
2009-03-22,1178.78,26.0818
2009-03-23,1303.92,38.3386
2009-03-24,1398.04,32.5786
2009-03-25,1465.26,29.0013
2009-03-26,1600.74,41.3304
2009-03-27,1668.96,36.5788
2009-03-28,1799.34,52.0307
2009-03-29,1849.74,32.5786
2009-03-30,1907.52,38.6344
2009-03-31,2042.78,96.8387
2009-04-01,2206.0,42.2421
2009-04-02,2330.26,37.749
2009-04-03,2360.26,34.846
2009-04-04,2196.0,33.4231
2009-04-05,2042.14,32.5786
2009-04-06,1932.89,32.0195
2009-04-07,1825.66,101.68
2009-04-08,1818.63,43.7758
2009-04-09,1653.0,38.0434
2009-04-10,1633.0,35.1329
2009-04-11,1518.74,34.2745
2009-04-12,1517.62,33.4231
2009-04-13,1518.74,32.5786
2009-04-14,1532.0,65.2473
2009-04-15,1441.26,54.3309
2009-04-16,1293.0,38.0434
2009-04-17,1231.0,34.846
2009-04-18,1173.74,33.1408
2009-04-19,1143.0,32.0195
2009-04-20,1027.26,31.1868
2009-04-21,1041.38,29.5428
2009-04-22,908.0,28.7318
2009-04-23,859.0,28.1951
2009-04-24,847.0,27.6618
2009-04-25,691.0,27.1318
2009-04-26,692.0,26.6051
2009-04-27,652.62,26.343
2009-04-28,650.74,25.8214
2009-04-29,733.0,25.3031
2009-04-30,690.0,24.7883
2009-05-01,710.0,25.0453
2009-05-02,843.63,29.8148
2009-05-03,713.0,26.868
2009-05-04,808.0,26.868
2009-05-05,663.0,35.9982
2009-05-06,764.0,29.8148
2009-05-07,683.0,27.1318
2009-05-08,692.0,26.0818
2009-05-09,674.0,25.0453
2009-05-10,667.0,24.277
2009-05-11,675.0,25.8214
2009-05-12,680.0,24.5322
2009-05-13,595.0,23.5164
2009-05-14,657.0,22.7638
2009-05-15,524.62,23.0138
2009-05-16,559.0,22.2664
2009-05-17,552.0,21.7727
2009-05-18,560.0,21.5271
2009-05-19,559.0,21.0388
2009-05-20,553.0,20.5541
2009-05-21,557.0,20.3131
2009-05-22,508.0,20.0731
2009-05-23,652.38,19.834
2009-05-24,517.0,19.5958
2009-05-25,501.0,19.5958
2009-05-26,489.0,19.3585
2009-05-27,365.62,19.3585
2009-05-28,499.0,19.1222
2009-05-29,499.0,19.1222
2009-05-30,499.0,18.8868
2009-05-31,362.74,18.6524
2009-06-01,500.0,20.3131
2009-06-02,500.0,19.1222
2009-06-03,365.86,18.6524
2009-06-04,495.0,18.6524
2009-06-05,366.74,18.419
2009-06-06,510.11,18.1864
2009-06-07,348.56,17.9549
2009-06-08,479.7,17.9549
2009-06-09,351.44,17.7243
2009-06-10,480.7,17.7243
2009-06-11,336.07,17.4947
2009-06-12,416.84,17.7243
2009-06-13,388.57,17.266
2009-06-14,387.46,17.0384
2009-06-15,498.0,16.8117
2009-06-16,384.57,16.8117
2009-06-17,389.57,16.586
2009-06-18,502.0,16.586
2009-06-19,388.69,16.3613
2009-06-20,395.57,16.3613
2009-06-21,387.46,16.1376
2009-06-22,501.0,16.1376
2009-06-23,387.57,15.9149
2009-06-24,383.57,16.1376
2009-06-25,386.69,16.586
2009-06-26,500.0,16.1376
2009-06-27,386.57,15.9149
2009-06-28,386.46,15.6931
2009-06-29,384.57,15.6931
2009-06-30,404.57,15.4725
2009-07-01,500.0,15.2528
2009-07-02,387.69,15.2528
2009-07-03,502.0,15.0341
2009-07-04,383.57,15.0341
2009-07-05,392.46,14.8165
2009-07-06,278.15,14.5999
2009-07-07,389.69,14.5999
2009-07-08,383.57,14.5999
2009-07-09,393.46,14.3843
2009-07-10,280.15,14.3843
2009-07-11,387.69,14.1698
2009-07-12,388.57,14.1698
2009-07-13,391.46,13.9564
2009-07-14,389.57,13.9564
2009-07-15,334.26,13.9564
2009-07-16,344.03,13.7439
2009-07-17,360.15,13.7439
2009-07-18,353.26,13.5326
2009-07-19,309.61,13.5326
2009-07-20,316.3,13.3223
2009-07-21,345.44,13.3223
2009-07-22,246.59,13.3223
2009-07-23,357.02,13.1131
2009-07-24,357.13,13.1131
2009-07-25,356.9,13.1131
2009-07-26,230.71,12.9049
2009-07-27,298.87,12.9049
2009-07-28,341.61,12.6979
2009-07-29,337.81,12.6979
2009-07-30,254.02,12.4919
2009-07-31,354.7,12.4919
2009-08-01,236.02,12.4919
2009-08-02,348.93,12.287
2009-08-03,262.02,12.287
2009-08-04,263.02,12.287
2009-08-05,259.02,12.0833
2009-08-06,260.02,12.0833
2009-08-07,260.02,12.0833
2009-08-08,261.02,11.8806
2009-08-09,261.02,11.8806
2009-08-10,262.02,11.8806
2009-08-11,273.81,11.6791
2009-08-12,250.81,11.6791
2009-08-13,250.81,11.4786
2009-08-14,287.7,11.4786
2009-08-15,272.02,11.4786
2009-08-16,242.93,11.4786
2009-08-17,267.02,11.2793
2009-08-18,266.02,11.2793
2009-08-19,316.31,11.2793
2009-08-20,216.66,11.6791
2009-08-21,216.78,11.6791
2009-08-22,317.31,11.2793
2009-08-23,224.89,11.2793
2009-08-24,313.31,17.266
2009-08-25,257.74,13.3223
2009-08-26,306.5,12.4919
2009-08-27,315.85,12.287
2009-08-28,326.31,12.0833
2009-08-29,428.85,11.8806
2009-08-30,330.31,11.8806
2009-08-31,330.31,11.8806
2009-09-01,231.78,11.6791
2009-09-02,333.31,11.6791
2009-09-03,233.78,11.6791
2009-09-04,334.31,11.4786
2009-09-05,235.66,11.4786
2009-09-06,336.31,11.2793
2009-09-07,326.31,11.2793
2009-09-08,335.63,11.4786
2009-09-09,347.57,11.6791
2009-09-10,339.63,11.4786
2009-09-11,355.57,11.4786
2009-09-12,347.31,11.4786
2009-09-13,253.52,11.4786
2009-09-14,356.14,11.2793
2009-09-15,256.84,11.0812
2009-09-16,252.41,11.0812
2009-09-17,287.31,10.8841
2009-09-18,256.35,10.8841
2009-09-19,248.98,10.6883
2009-09-20,257.04,10.6883
2009-09-21,248.89,10.4936
2009-09-22,259.04,16.3613
2009-09-23,255.09,12.287
2009-09-24,264.24,11.2793
2009-09-25,257.52,11.0812
2009-09-26,358.89,10.8841
2009-09-27,363.89,10.6883
2009-09-28,366.89,10.4936
2009-09-29,367.89,10.4936
2009-09-30,367.89,10.3
2009-10-01,268.67,10.3
2009-10-02,273.67,10.1076
2009-10-03,278.67,10.1076
2009-10-04,278.55,9.9164
2009-10-05,188.56,9.9164
2009-10-06,299.67,10.3
2009-10-07,289.67,15.4725
2009-10-08,282.55,13.3223
2009-10-09,190.56,12.4919
2009-10-10,188.44,25.8214
2009-10-11,289.55,12.9049
2009-10-12,390.32,12.0833
2009-10-13,298.93,11.6791
2009-10-14,298.61,11.2793
2009-10-15,306.52,11.6791
2009-10-16,253.83,31.4635
2009-10-17,349.74,18.419
2009-10-18,282.52,17.266
2009-10-19,340.83,15.0341
2009-10-20,445.33,17.7243
2009-10-21,525.19,15.2528
2009-10-22,639.09,17.7243
2009-10-23,731.0,15.6931
2009-10-24,834.91,14.5999
2009-10-25,928.81,13.5326
2009-10-26,833.22,19.1222
2009-10-27,739.0,14.5999
2009-10-28,745.22,13.9564
2009-10-29,737.0,13.7439
2009-10-30,675.78,13.3223
2009-10-31,661.87,13.1131
2009-11-01,572.28,12.9049
2009-11-02,471.43,12.6979
2009-11-03,379.83,14.3843
2009-11-04,474.74,26.868
2009-11-05,378.52,16.1376
2009-11-06,478.94,13.9564
2009-11-07,473.23,13.5326
2009-11-08,482.37,17.266
2009-11-09,475.43,14.3843
2009-11-10,467.74,13.5326
2009-11-11,500.94,13.3223
2009-11-12,882.0,36.5788
2009-11-13,674.89,17.0384
2009-11-14,665.11,15.0341
2009-11-15,666.34,14.1698
2009-11-16,662.66,13.5326
2009-11-17,469.45,13.3223
2009-11-18,471.96,13.1131
2009-11-19,380.94,12.6979
2009-11-20,279.32,12.6979
2009-11-21,285.03,12.4919
2009-11-22,185.41,12.0833
2009-11-23,186.61,11.8806
2009-11-24,299.83,11.6791
2009-11-25,198.56,11.2793
2009-11-26,188.98,11.2793
2009-11-27,243.46,11.0812
2009-11-28,219.11,10.8841
2009-11-29,280.96,13.3223
2009-11-30,313.28,11.4786
2009-12-01,415.19,11.0812
2009-12-02,429.19,13.7439
2009-12-03,506.09,14.8165
2009-12-04,501.66,13.7439
2009-12-05,672.34,29.0013
2009-12-06,1236.35,16.8117
2009-12-07,1748.46,16.3613
2009-12-08,2127.09,15.2528
2009-12-09,2038.76,15.4725
2009-12-10,1731.46,16.586
2009-12-11,1361.83,30.6356
2009-12-12,1136.76,16.586
2009-12-13,1047.8,15.0341
2009-12-14,967.63,16.1376
2009-12-15,868.67,15.4725
2009-12-16,942.26,14.8165
2009-12-17,842.72,15.0341
2009-12-18,956.44,15.4725
2009-12-19,850.67,15.2528
2009-12-20,838.72,15.0341
2009-12-21,764.91,15.9149
2009-12-22,652.91,15.2528
2009-12-23,660.22,15.0341
2009-12-24,660.22,15.2528
2009-12-25,661.22,17.0384
2009-12-26,754.44,19.834
2009-12-27,926.63,26.343
2009-12-28,1023.68,15.6931
2009-12-29,1114.87,17.4947
2009-12-30,1311.83,19.1222
2009-12-31,1499.65,26.343
2010-01-01,1881.91,18.8868
2010-01-02,1605.44,18.419
2010-01-03,1314.78,17.9549
2010-01-04,1217.56,17.4947
2010-01-05,1056.11,18.419
2010-01-06,725.44,26.868
2010-01-07,920.77,24.277
2010-01-08,949.0,41.9375
2010-01-09,928.89,53.0126
2010-01-10,923.89,24.0226
2010-01-11,930.89,21.2825
2010-01-12,779.44,18.419
2010-01-13,662.0,23.2646
2010-01-14,543.78,25.0453
2010-01-15,743.22,22.2664
2010-01-16,644.22,19.5958
2010-01-17,645.11,19.1222
2010-01-18,493.89,24.0226
2010-01-19,465.78,17.7243
2010-01-20,541.0,17.0384
2010-01-21,557.0,17.4947
2010-01-22,668.22,19.1222
2010-01-23,642.11,21.2825
2010-01-24,739.34,19.1222
2010-01-25,741.44,20.796
2010-01-26,818.33,21.2825
2010-01-27,664.0,18.8868
2010-01-28,661.0,17.9549
2010-01-29,661.0,17.4947
2010-01-30,649.34,24.7883
2010-01-31,645.22,18.8868
2010-02-01,507.44,17.266
2010-02-02,461.67,16.3613
2010-02-03,397.22,15.9149
2010-02-04,368.45,16.8117
2010-02-05,382.33,26.6051
2010-02-06,290.33,18.419
2010-02-07,374.56,42.2421
2010-02-08,360.33,24.277
2010-02-09,360.33,18.419
2010-02-10,362.22,18.6524
2010-02-11,363.45,17.266
2010-02-12,364.33,16.586
2010-02-13,307.0,15.9149
2010-02-14,361.45,15.4725
2010-02-15,357.33,15.0341
2010-02-16,355.33,14.5999
2010-02-17,318.11,14.5999
2010-02-18,261.11,14.3843
2010-02-19,260.11,18.1864
2010-02-20,321.33,15.9149
2010-02-21,260.33,15.0341
2010-02-22,286.74,15.6931
2010-02-23,323.28,16.1376
2010-02-24,293.33,15.4725
2010-02-25,381.78,17.266
2010-02-26,354.87,19.5958
2010-02-27,438.09,17.0384
2010-02-28,568.91,18.419
2010-03-01,760.35,58.3485
2010-03-02,1067.39,29.8148
2010-03-03,1354.37,55.9936
2010-03-04,1746.89,49.4417
2010-03-05,1843.0,34.2745
2010-03-06,1745.0,51.7047
2010-03-07,1548.44,33.9899
2010-03-08,1410.0,28.1951
2010-03-09,1301.78,25.5618
2010-03-10,1301.78,24.5322
2010-03-11,1142.22,23.2646
2010-03-12,1143.45,22.5146
2010-03-13,944.11,22.0191
2010-03-14,887.03,24.277
2010-03-15,842.1,21.7727
2010-03-16,835.67,20.796
2010-03-17,841.5,20.5541
2010-03-18,844.41,20.0731
2010-03-19,738.44,19.5958
2010-03-20,668.44,19.1222
2010-03-21,721.5,18.8868
2010-03-22,720.73,18.419
2010-03-23,740.5,23.0138
2010-03-24,779.88,20.0731
2010-03-25,735.55,19.834
2010-03-26,723.88,19.3585
2010-03-27,620.96,18.8868
2010-03-28,622.19,18.1864
2010-03-29,521.22,17.7243
2010-03-30,565.22,18.1864
2010-03-31,576.22,17.4947
2010-04-01,665.44,16.8117
2010-04-02,670.07,16.586
2010-04-03,674.96,17.7243
2010-04-04,775.73,18.6524
2010-04-05,774.61,17.4947
2010-04-06,747.67,17.266
2010-04-07,705.44,19.1222
2010-04-08,671.07,17.4947
2010-04-09,572.42,17.266
2010-04-10,577.54,16.586
2010-04-11,467.0,15.9149
2010-04-12,466.0,15.4725
2010-04-13,467.0,15.2528
2010-04-14,373.46,15.0341
2010-04-15,345.58,15.0341
2010-04-16,420.0,14.8165
2010-04-17,330.46,14.5999
2010-04-18,328.46,14.3843
2010-04-19,326.66,14.3843
2010-04-20,332.89,14.1698
2010-04-21,350.78,14.1698
2010-04-22,351.78,13.9564
2010-04-23,349.78,13.9564
2010-04-24,446.0,13.7439
2010-04-25,347.35,13.7439
2010-04-26,341.04,13.5326
2010-04-27,358.93,13.5326
2010-04-28,346.35,13.3223
2010-04-29,285.5,13.1131
2010-04-30,300.12,12.9049
2010-05-01,263.45,12.6979
2010-05-02,239.59,12.4919
2010-05-03,303.04,12.4919
2010-05-04,309.12,12.287
2010-05-05,347.89,12.0833
2010-05-06,271.56,11.8806
2010-05-07,262.12,11.8806
2010-05-08,322.5,11.6791
2010-05-09,313.85,12.9049
2010-05-10,320.48,12.6979
2010-05-11,226.14,12.4919
2010-05-12,317.17,12.287
2010-05-13,326.23,12.0833
2010-05-14,299.85,11.8806
2010-05-15,226.57,11.6791
2010-05-16,324.11,11.4786
2010-05-17,314.11,11.4786
2010-05-18,214.89,11.2793
2010-05-19,331.0,11.6791
2010-05-20,312.23,15.0341
2010-05-21,331.11,12.287
2010-05-22,332.11,11.8806
2010-05-23,335.11,11.6791
2010-05-24,236.89,11.4786
2010-05-25,336.0,11.4786
2010-05-26,239.89,12.0833
2010-05-27,336.23,11.4786
2010-05-28,240.89,11.2793
2010-05-29,339.11,11.2793
2010-05-30,279.33,11.0812
2010-05-31,247.56,11.0812
2010-06-01,356.78,10.8841
2010-06-02,260.56,10.8841
2010-06-03,261.56,11.0812
2010-06-04,263.44,10.8841
2010-06-05,263.67,10.8841
2010-06-06,263.56,10.6883
2010-06-07,263.56,10.8841
2010-06-08,167.33,10.6883
2010-06-09,255.56,10.6883
2010-06-10,223.33,10.4936
2010-06-11,247.89,10.4936
2010-06-12,149.98,10.3
2010-06-13,254.03,10.3
2010-06-14,177.45,10.3
2010-06-15,258.87,10.1076
2010-06-16,152.28,10.1076
2010-06-17,266.75,10.1076
2010-06-18,151.45,9.9164
2010-06-19,243.87,9.9164
2010-06-20,157.28,9.9164
2010-06-21,244.75,9.9164
2010-06-22,145.45,9.7319
2010-06-23,244.87,9.7319
2010-06-24,250.19,9.7319
2010-06-25,154.85,9.5324
2010-06-26,245.67,9.5324
2010-06-27,147.65,9.5324
2010-06-28,247.19,9.5324
2010-06-29,249.19,9.3342
2010-06-30,135.33,9.3342
2010-07-01,243.56,9.3342
2010-07-02,153.28,9.3342
2010-07-03,250.19,9.3342
2010-07-04,149.33,9.1374
2010-07-05,247.56,9.1374
2010-07-06,157.28,9.1374
2010-07-07,252.19,9.1374
2010-07-08,151.33,9.1374
2010-07-09,153.65,8.942
2010-07-10,158.28,8.942
2010-07-11,153.65,8.942
2010-07-12,153.33,8.942
2010-07-13,160.28,8.7479
2010-07-14,157.85,8.7479
2010-07-15,154.45,9.5324
2010-07-16,157.96,9.5324
2010-07-17,164.28,9.1374
2010-07-18,151.33,8.942
2010-07-19,153.65,8.7479
2010-07-20,145.28,8.7479
2010-07-21,186.65,8.5553
2010-07-22,102.52,8.5553
2010-07-23,105.83,8.5553
2010-07-24,199.43,8.364
2010-07-25,110.46,8.364
2010-07-26,207.37,8.364
2010-07-27,78.11,8.364
2010-07-28,161.96,8.1741
2010-07-29,166.28,7.9857
2010-07-30,71.11,7.9857
2010-07-31,154.96,7.7987
2010-08-01,154.28,7.7987
2010-08-02,59.37,7.7987
2010-08-03,150.65,7.6131
2010-08-04,135.33,7.6131
2010-08-05,153.28,7.429
2010-08-06,66.74,7.429
2010-08-07,159.33,7.429
2010-08-08,167.28,7.429
2010-08-09,167.28,7.2464
2010-08-10,72.37,7.2464
2010-08-11,161.33,7.2464
2010-08-12,67.31,7.2464
2010-08-13,69.74,7.0652
2010-08-14,69.86,7.0652
2010-08-15,177.35,7.0652
2010-08-16,87.07,7.0652
2010-08-17,89.63,6.8856
2010-08-18,60.81,6.8856
2010-08-19,145.46,6.8856
2010-08-20,78.69,6.8856
2010-08-21,67.63,6.8856
2010-08-22,148.28,6.8856
2010-08-23,60.0,6.7074
2010-08-24,59.31,6.7074
2010-08-25,93.78,6.7074
2010-08-26,66.81,6.7074
2010-08-27,66.5,6.5308
2010-08-28,72.19,6.5308
2010-08-29,86.13,6.5308
2010-08-30,55.87,6.5308
2010-08-31,62.81,6.5308
2010-09-01,130.69,6.3557
2010-09-02,87.63,6.3557
2010-09-03,51.37,6.3557
2010-09-04,63.31,6.3557
2010-09-05,61.0,6.3557
2010-09-06,65.51,6.1822
2010-09-07,103.52,6.1822
2010-09-08,98.67,7.6131
2010-09-09,99.72,7.2464
2010-09-10,53.11,7.0652
2010-09-11,40.78,6.7074
2010-09-12,48.72,6.7074
2010-09-13,94.11,6.5308
2010-09-14,67.11,6.3557
2010-09-15,98.67,6.3557
2010-09-16,91.72,6.3557
2010-09-17,90.41,6.1822
2010-09-18,91.29,6.1822
2010-09-19,90.52,6.1822
2010-09-20,100.67,6.0102
2010-09-21,93.72,6.0102
2010-09-22,92.41,6.0102
2010-09-23,96.29,5.8398
2010-09-24,108.52,5.8398
2010-09-25,128.67,5.6711
2010-09-26,96.72,5.6711
2010-09-27,106.41,6.0102
2010-09-28,118.55,13.5326
2010-09-29,136.56,14.8165
2010-09-30,211.83,12.4919
2010-10-01,221.4,9.9164
2010-10-02,220.0,22.0191
2010-10-03,218.4,12.287
2010-10-04,217.95,13.7439
2010-10-05,207.83,59.3673
2010-10-06,275.22,30.0876
2010-10-07,275.11,13.1131
2010-10-08,304.34,19.1222
2010-10-09,297.79,12.287
2010-10-10,364.3,10.6883
2010-10-11,328.11,10.3
2010-10-12,345.06,9.9164
2010-10-13,267.78,9.7319
2010-10-14,229.41,9.5324
2010-10-15,189.74,12.6979
2010-10-16,210.67,11.4786
2010-10-17,156.06,11.2793
2010-10-18,201.77,16.3613
2010-10-19,193.81,12.287
2010-10-20,294.34,10.1076
2010-10-21,302.11,9.1374
2010-10-22,296.34,8.942
2010-10-23,296.22,8.5553
2010-10-24,218.83,9.7319
2010-10-25,217.4,8.942
2010-10-26,212.0,25.0453
2010-10-27,216.4,11.6791
2010-10-28,220.95,11.0812
2010-10-29,221.83,10.4936
2010-10-30,221.72,10.1076
2010-10-31,296.34,15.0341
2010-11-01,372.61,22.7638
2010-11-02,525.39,13.3223
2010-11-03,603.66,12.4919
2010-11-04,603.89,12.4919
2010-11-05,678.05,12.0833
2010-11-06,675.28,16.586
2010-11-07,754.87,17.266
2010-11-08,761.81,13.7439
2010-11-09,689.05,12.9049
2010-11-10,752.67,13.1131
2010-11-11,677.17,15.4725
2010-11-12,908.65,13.1131
2010-11-13,761.81,14.1698
2010-11-14,829.94,24.0226
2010-11-15,751.44,34.5599
2010-11-16,826.94,65.5987
2010-11-17,837.2,64.8964
2010-11-18,752.87,37.4553
2010-11-19,748.67,21.2825
2010-11-20,746.56,18.1864
2010-11-21,825.26,15.9149
2010-11-22,832.2,48.4819
2010-11-23,897.33,21.5271
2010-11-24,853.17,17.266
2010-11-25,903.65,16.586
2010-11-26,829.2,15.6931
2010-11-27,897.33,14.8165
2010-11-28,843.0,14.1698
2010-11-29,929.0,14.3843
2010-11-30,879.0,16.8117
2010-12-01,873.0,55.6598
2010-12-02,786.0,24.857
2010-12-03,879.0,20.5571
2010-12-04,998.0,19.1337
2010-12-05,1036.0,18.0308
2010-12-06,1078.0,29.654
2010-12-07,1188.0,24.0814
2010-12-08,1215.0,22.8045
2010-12-09,1254.0,17.5939
2010-12-10,1218.0,16.7276
2010-12-11,1031.0,16.2983
2010-12-12,989.0,16.0846
2010-12-13,937.0,15.8715
2010-12-14,874.0,16.0846
2010-12-15,865.0,42.9372
2010-12-16,764.0,25.378
2010-12-17,788.0,18.0308
2010-12-18,908.0,16.0846
2010-12-19,796.0,16.5126
2010-12-20,890.0,15.6591
2010-12-21,896.0,15.026
2010-12-22,835.0,14.8163
2010-12-23,898.0,22.8045
2010-12-24,803.0,19.3561
2010-12-25,895.0,17.1595
2010-12-26,898.0,15.8715
2010-12-27,1084.0,25.6396
2010-12-28,1269.0,21.7975
2010-12-29,1656.0,37.5737
2010-12-30,1923.0,35.2567
2010-12-31,2205.0,28.5673
2011-01-01,2534.11,26.6937
2011-01-02,2630.02,23.3129
2011-01-03,2651.59,24.5977
2011-01-04,2622.5,49.4452
2011-01-05,2461.52,42.6339
2011-01-06,2370.3,65.0751
2011-01-07,2264.07,92.5826
2011-01-08,2096.94,69.0544
2011-01-09,1978.67,40.5282
2011-01-10,1775.28,37.8663
2011-01-11,1599.35,30.7522
2011-01-12,1503.44,28.8379
2011-01-13,1599.55,27.7599
2011-01-14,1774.78,26.4291
2011-01-15,1945.77,30.2017
2011-01-16,2008.23,29.1092
2011-01-17,1948.11,27.7599
2011-01-18,1879.89,26.9591
2011-01-19,1757.33,28.2974
2011-01-20,1570.26,34.3988
2011-01-21,1450.3,30.2017
2011-01-22,1358.72,28.5673
2011-01-23,1256.1,26.9591
2011-01-24,1163.34,24.3392
2011-01-25,1078.69,22.5515
2011-01-26,1009.18,21.7975
2011-01-27,911.8,21.2988
2011-01-28,801.87,23.5683
2011-01-29,741.13,22.048
2011-01-30,708.71,21.5477
2011-01-31,630.86,33.2644
2011-02-01,595.87,28.5673
2011-02-02,593.0,29.654
2011-02-03,549.0,33.8303
2011-02-04,542.95,25.1171
2011-02-05,530.86,21.5477
2011-02-06,522.95,20.3116
2011-02-07,513.09,19.3561
2011-02-08,496.09,18.9119
2011-02-09,493.05,18.4701
2011-02-10,470.0,18.0308
2011-02-11,455.95,17.3764
2011-02-12,462.91,17.1595
2011-02-13,445.0,18.6907
2011-02-14,449.38,19.3561
2011-02-15,433.45,17.5939
2011-02-16,421.7,21.0508
2011-02-17,402.94,18.4701
2011-02-18,407.67,18.0308
2011-02-19,392.67,17.3764
2011-02-20,404.11,16.9432
2011-02-21,425.83,16.5126
2011-02-22,456.56,16.9432
2011-02-23,492.3,18.6907
2011-02-24,510.69,19.3561
2011-02-25,547.49,18.4701
2011-02-26,603.23,18.9119
2011-02-27,657.63,23.5683
2011-02-28,734.05,18.4701
2011-03-01,803.66,18.2501
2011-03-02,875.31,20.0669
2011-03-03,1000.97,35.2567
2011-03-04,1167.22,32.1409
2011-03-05,1565.45,32.4208
2011-03-06,2119.56,73.1517
2011-03-07,2547.16,45.3854
2011-03-08,2925.43,69.0544
2011-03-09,3123.62,75.2446
2011-03-10,2887.81,53.9263
2011-03-11,2611.93,47.872
2011-03-12,2388.45,69.0544
2011-03-13,2386.33,57.8542
2011-03-14,2613.93,42.6339
2011-03-15,2643.93,54.9009
2011-03-16,2578.98,48.8142
2011-03-17,2772.52,44.7697
2011-03-18,3322.8,47.5591
2011-03-19,3492.91,48.1855
2011-03-20,3223.31,41.4269
2011-03-21,2808.38,35.832
2011-03-22,2408.37,37.8663
2011-03-23,2086.34,34.1142
2011-03-24,1869.03,32.7013
2011-03-25,1798.0,32.1409
2011-03-26,1815.49,31.8618
2011-03-27,1753.3,30.7522
2011-03-28,1682.78,29.9275
2011-03-29,1611.26,29.1092
2011-03-30,1584.0,28.0283
2011-03-31,1538.37,30.7522
2011-04-01,1385.6,33.547
2011-04-02,1354.74,30.4766
2011-04-03,1351.74,46.624
2011-04-04,1696.66,31.0286
2011-04-05,1994.93,40.5282
2011-04-06,1850.56,32.7013
2011-04-07,1546.66,31.3056
2011-04-08,1397.38,29.3812
2011-04-09,1312.28,28.0283
2011-04-10,1230.72,44.7697
2011-04-11,1167.5,31.5834
2011-04-12,1113.87,29.9275
2011-04-13,1019.02,28.5673
2011-04-14,992.94,33.547
2011-04-15,980.33,29.654
2011-04-16,938.76,29.1092
2011-04-17,886.09,28.2974
2011-04-18,817.57,26.6937
2011-04-19,773.58,25.378
2011-04-20,729.69,24.5977
2011-04-21,708.28,23.8245
2011-04-22,674.0,23.5683
2011-04-23,662.57,23.0583
2011-04-24,648.15,22.8045
2011-04-25,634.72,22.8045
2011-04-26,621.34,30.4766
2011-04-27,607.93,25.902
2011-04-28,618.31,24.5977
2011-04-29,602.28,23.5683
2011-04-30,614.66,22.5515
2011-05-01,586.83,20.8035
2011-05-02,588.83,20.5571
2011-05-03,586.83,20.5571
2011-05-04,573.43,20.3116
2011-05-05,547.57,20.0669
2011-05-06,545.43,20.0669
2011-05-07,568.43,19.823
2011-05-08,547.57,19.823
2011-05-09,528.33,19.58
2011-05-10,514.34,19.3561
2011-05-11,481.48,19.3561
2011-05-12,467.02,18.9119
2011-05-13,467.02,18.9119
2011-05-14,456.85,18.4701
2011-05-15,451.88,18.4701
2011-05-16,439.43,18.2501
2011-05-17,439.43,18.2501
2011-05-18,446.0,18.0308
2011-05-19,443.57,17.812
2011-05-20,416.7,17.812
2011-05-21,418.69,17.5939
2011-05-22,398.39,17.3764
2011-05-23,420.72,17.3764
2011-05-24,383.44,17.1595
2011-05-25,411.34,16.9432
2011-05-26,405.76,16.7276
2011-05-27,380.48,16.5126
2011-05-28,379.44,16.5126
2011-05-29,366.02,16.2983
2011-05-30,379.42,16.2983
2011-05-31,361.94,16.0846
2011-06-01,369.65,16.0846
2011-06-02,358.27,15.8715
2011-06-03,359.09,15.6591
2011-06-04,360.32,15.6591
2011-06-05,325.37,15.4474
2011-06-06,329.81,15.4474
2011-06-07,346.31,15.2364
2011-06-08,344.08,15.2364
2011-06-09,355.48,15.026
2011-06-10,355.33,17.3764
2011-06-11,366.87,15.8715
2011-06-12,355.29,15.4474
2011-06-13,390.55,15.2364
2011-06-14,389.32,15.2364
2011-06-15,368.87,15.026
2011-06-16,368.63,14.8163
2011-06-17,357.5,14.6073
2011-06-18,357.31,14.3989
2011-06-19,336.72,14.3989
2011-06-20,336.84,14.3989
2011-06-21,336.61,14.1913
2011-06-22,334.84,13.9844
2011-06-23,320.61,13.7781
2011-06-24,334.43,13.7781
2011-06-25,332.45,13.5726
2011-06-26,325.68,13.5726
2011-06-27,337.87,13.3678
2011-06-28,334.61,13.3678
2011-06-29,334.84,13.1637
2011-06-30,327.95,13.1637
2011-07-01,326.73,13.1637
2011-07-02,326.48,13.1637
2011-07-03,338.61,13.1637
2011-07-04,328.48,12.9604
2011-07-05,320.97,12.7577
2011-07-06,294.32,12.7577
2011-07-07,305.81,12.5558
2011-07-08,269.62,12.5558
2011-07-09,290.73,12.5558
2011-07-10,269.97,12.3547
2011-07-11,280.65,12.3547
2011-07-12,281.64,12.1543
2011-07-13,267.29,12.1543
2011-07-14,260.41,12.1543
2011-07-15,271.29,12.1543
2011-07-16,268.19,11.9547
2011-07-17,290.14,11.9547
2011-07-18,290.81,11.9547
2011-07-19,277.86,11.9547
2011-07-20,270.0,11.9547
2011-07-21,268.05,11.7558
2011-07-22,257.09,11.7558
2011-07-23,258.25,11.5577
2011-07-24,270.05,11.5577
2011-07-25,260.94,11.3604
2011-07-26,258.87,11.5577
2011-07-27,251.39,11.3604
2011-07-28,259.59,11.1639
2011-07-29,235.81,11.1639
2011-07-30,243.94,11.1639
2011-07-31,233.97,10.9682
2011-08-01,211.3,10.9682
2011-08-02,208.37,10.9682
2011-08-03,187.55,10.9682
2011-08-04,198.42,10.9682
2011-08-05,187.54,10.7733
2011-08-06,210.3,10.7733
2011-08-07,189.54,10.7733
2011-08-08,205.06,10.5792
2011-08-09,213.23,10.5792
2011-08-10,214.27,10.3859
2011-08-11,216.22,10.1934
2011-08-12,226.2,10.1934
2011-08-13,216.22,10.0018
2011-08-14,216.22,10.0018
2011-08-15,223.18,10.0018
2011-08-16,212.22,9.811
2011-08-17,232.13,9.811
2011-08-18,223.18,9.6211
2011-08-19,224.18,9.6211
2011-08-20,194.31,9.6211
2011-08-21,195.31,9.6211
2011-08-22,206.26,9.6211
2011-08-23,197.66,9.6211
2011-08-24,206.78,9.6211
2011-08-25,201.21,9.6211
2011-08-26,197.28,9.6211
2011-08-27,199.31,9.6211
2011-08-28,200.31,9.6211
2011-08-29,202.31,9.6211
2011-08-30,191.94,9.6211
2011-08-31,195.9,9.6211
2011-09-01,170.18,9.432
2011-09-02,177.14,9.432
2011-09-03,176.16,9.432
2011-09-04,174.27,9.2438
2011-09-05,169.32,9.2438
2011-09-06,159.2,8.87
2011-09-07,165.5,8.87
2011-09-08,156.7,8.87
2011-09-09,147.94,8.6845
2011-09-10,147.22,8.6845
2011-09-11,137.64,8.6845
2011-09-12,152.26,8.4999
2011-09-13,151.61,8.4999
2011-09-14,145.2,8.4999
2011-09-15,132.69,8.4999
2011-09-16,150.81,8.4999
2011-09-17,142.94,8.3162
2011-09-18,146.4,8.3162
2011-09-19,157.42,8.3162
2011-09-20,145.72,8.3162
2011-09-21,133.67,8.3162
2011-09-22,127.67,8.3162
2011-09-23,100.55,8.1334
2011-09-24,106.62,8.1334
2011-09-25,100.78,8.1334
2011-09-26,112.5,8.1334
2011-09-27,117.75,8.3162
2011-09-28,97.58,7.9516
2011-09-29,111.5,7.9516
2011-09-30,94.06,7.9516
2011-10-01,94.97,7.9516
2011-10-02,96.86,7.7707
2011-10-03,111.94,7.7707
2011-10-04,106.49,7.7707
2011-10-05,113.15,7.7707
2011-10-06,111.58,7.7707
2011-10-07,115.52,7.5908
2011-10-08,122.07,7.5908
2011-10-09,141.98,7.5908
2011-10-10,166.03,7.9516
2011-10-11,170.77,8.6845
2011-10-12,189.41,8.3162
2011-10-13,217.34,8.1334
2011-10-14,258.3,8.1334
2011-10-15,291.35,8.1334
2011-10-16,317.15,8.1334
2011-10-17,349.23,8.3162
2011-10-18,376.19,7.9516
2011-10-19,383.25,7.7707
2011-10-20,379.46,13.9844
2011-10-21,370.36,8.6845
2011-10-22,346.75,8.3162
2011-10-23,326.58,8.6845
2011-10-24,294.99,8.4999
2011-10-25,264.59,9.432
2011-10-26,258.19,9.2438
2011-10-27,254.68,9.2438
2011-10-28,267.34,9.0565
2011-10-29,276.13,9.0565
2011-10-30,264.84,8.87
2011-10-31,266.16,9.0565
2011-11-01,251.95,8.87
2011-11-02,225.45,8.6845
2011-11-03,209.25,8.6845
2011-11-04,190.92,8.4999
2011-11-05,180.92,8.3162
2011-11-06,182.27,8.3162
2011-11-07,165.92,8.1334
2011-11-08,166.87,8.1334
2011-11-09,155.44,7.9516
2011-11-10,141.54,7.9516
2011-11-11,132.81,7.9516
2011-11-12,145.83,7.7707
2011-11-13,143.52,9.811
2011-11-14,160.95,8.4999
2011-11-15,177.19,8.3162
2011-11-16,239.55,8.1334
2011-11-17,294.82,8.1334
2011-11-18,334.69,7.9516
2011-11-19,386.83,8.1334
2011-11-20,420.45,8.3162
2011-11-21,422.07,8.3162
2011-11-22,450.55,8.3162
2011-11-23,490.51,10.3859
2011-11-24,529.98,8.4999
2011-11-25,564.93,8.3162
2011-11-26,666.0,8.3162
2011-11-27,779.47,8.1334
2011-11-28,861.2,8.87
2011-11-29,886.83,11.1639
2011-11-30,895.53,8.6845
2011-12-01,871.67,8.1334
2011-12-02,872.62,12.5558
2011-12-03,862.74,33.2644
2011-12-04,829.18,16.2983
2011-12-05,814.76,13.5726
2011-12-06,800.79,10.5792
2011-12-07,808.17,13.5726
2011-12-08,834.41,13.7781
2011-12-09,880.23,14.1913
2011-12-10,932.56,13.7781
2011-12-11,1018.08,16.2983
2011-12-12,1110.39,12.3547
2011-12-13,1178.89,13.7781
2011-12-14,1305.83,14.1913
2011-12-15,1409.18,52.9568
2011-12-16,1543.56,31.3056
2011-12-17,2216.05,27.4922
2011-12-18,3749.0,32.9825
2011-12-19,4233.31,27.7599
2011-12-20,3682.33,25.6396
2011-12-21,3390.67,51.3521
2011-12-22,3153.0,17.1595
2011-12-23,2435.5,14.3989
2011-12-24,2007.8,12.9604
2011-12-25,,23.5683
2011-12-26,,34.6841
2011-12-27,,44.4628
2011-12-28,,26.6937
2011-12-29,,22.8045
2011-12-30,,35.2567
2011-12-31,,46.9351
2012-01-01,,109.671
2012-01-02,,250.208
2012-01-03,,118.494
2012-01-04,,92.5826
2012-01-05,,83.467
2012-01-06,,79.953
2012-01-07,,213.96
2012-01-08,,156.586
2012-01-09,,104.145
2012-01-10,,63.5165
2012-01-11,,38.4533
2012-01-12,,31.8618
2012-01-13,,26.6937
2012-01-14,,54.2506
2012-01-15,,57.5239
2012-01-16,,56.208
2012-01-17,,39.6352
2012-01-18,,42.3312
2012-01-19,,39.043
2012-01-20,,88.8797
2012-01-21,,46.9351
2012-01-22,,43.5456
2012-01-23,,39.6352
2012-01-24,2071.36,37.2818
2012-01-25,1897.31,35.2567
2012-01-26,1823.93,34.9701
2012-01-27,1915.35,34.1142
2012-01-28,1818.04,34.3988
2012-01-29,2017.0,34.6841
2012-01-30,2093.96,35.2567
2012-01-31,2185.15,33.8303
2012-02-01,2508.37,33.2644
2012-02-02,2033.41,31.8618
2012-02-03,1632.15,30.2017
2012-02-04,1423.07,29.3812
2012-02-05,1314.5,27.7599
2012-02-06,1032.48,25.6396
2012-02-07,993.5,24.0814
2012-02-08,894.48,23.0583
2012-02-09,890.71,22.2994
2012-02-10,884.59,21.2988
2012-02-11,957.39,26.4291
2012-02-12,1216.98,24.5977
2012-02-13,1524.25,29.9275
2012-02-14,1304.69,24.857
2012-02-15,1117.98,24.0814
2012-02-16,1059.19,23.5683
2012-02-17,968.39,23.3129
2012-02-18,963.39,22.8045
2012-02-19,846.59,22.048
2012-02-20,803.59,21.7975
2012-02-21,852.59,21.2988
2012-02-22,732.8,21.0508
2012-02-23,721.68,20.5571
2012-02-24,717.91,23.3129
2012-02-25,744.8,21.5477
2012-02-26,638.0,20.8035
2012-02-27,607.0,20.5571
2012-02-28,626.0,20.3116
2012-02-29,593.0,20.0669
2012-03-01,570.0,19.823
2012-03-02,582.0,19.58
2012-03-03,453.29,19.3561
2012-03-04,441.32,19.1337
2012-03-05,453.41,18.9119
2012-03-06,427.29,18.4701
2012-03-07,467.32,18.2501
2012-03-08,356.41,18.0308
2012-03-09,465.2,18.0308
2012-03-10,460.41,17.5939
2012-03-11,462.41,18.6907
2012-03-12,462.29,18.0308
2012-03-13,412.52,18.2501
2012-03-14,461.41,20.5571
2012-03-15,597.0,20.3116
2012-03-16,938.39,19.3561
2012-03-17,1101.19,23.0583
2012-03-18,1101.19,22.048
2012-03-19,1077.19,19.58
2012-03-20,1024.07,18.9119
2012-03-21,975.5,18.2501
2012-03-22,865.48,17.812
2012-03-23,726.91,19.3561
2012-03-24,567.09,19.1337
2012-03-25,677.0,18.6907
2012-03-26,703.71,18.2501
2012-03-27,683.59,17.812
2012-03-28,706.59,23.0583
2012-03-29,724.59,21.5477
2012-03-30,737.48,40.8272
2012-03-31,727.71,29.3812
2012-04-01,840.27,24.5977
2012-04-02,732.71,29.9275
2012-04-03,840.27,28.0283
2012-04-04,719.71,22.8045
2012-04-05,719.59,21.2988
2012-04-06,722.59,20.3116
2012-04-07,722.59,29.9275
2012-04-08,613.8,21.5477
2012-04-09,613.68,20.5571
2012-04-10,613.91,20.0669
2012-04-11,617.43,19.58
2012-04-12,611.31,19.1337
2012-04-13,514.0,18.9119
2012-04-14,513.0,18.6907
2012-04-15,400.69,18.2501
2012-04-16,505.0,18.0308
2012-04-17,378.57,23.3129
2012-04-18,393.09,18.9119
2012-04-19,482.32,17.812
2012-04-20,446.41,17.5939
2012-04-21,387.29,17.3764
2012-04-22,505.0,18.4701
2012-04-23,505.0,19.58
2012-04-24,393.32,18.6907
2012-04-25,503.0,17.3764
2012-04-26,393.41,22.048
2012-04-27,477.29,17.1595
2012-04-28,477.52,16.9432
2012-04-29,475.41,16.7276
2012-04-30,461.41,17.1595
2012-05-01,455.41,16.9432
2012-05-02,415.29,16.5126
2012-05-03,400.32,16.2983
2012-05-04,404.2,16.0846
2012-05-05,440.41,15.8715
2012-05-06,349.61,15.8715
2012-05-07,400.41,15.6591
2012-05-08,398.09,15.4474
2012-05-09,392.32,15.4474
2012-05-10,392.2,15.2364
2012-05-11,399.2,15.026
2012-05-12,405.2,14.8163
2012-05-13,399.09,15.026
2012-05-14,296.52,16.0846
2012-05-15,392.2,16.7276
2012-05-16,399.2,15.8715
2012-05-17,400.09,15.6591
2012-05-18,400.32,15.2364
2012-05-19,291.41,15.026
2012-05-20,401.2,14.8163
2012-05-21,396.09,14.8163
2012-05-22,395.32,14.6073
2012-05-23,397.2,14.3989
2012-05-24,405.2,14.3989
2012-05-25,299.29,14.1913
2012-05-26,311.73,26.4291
2012-05-27,331.61,18.6907
2012-05-28,314.61,16.0846
2012-05-29,351.41,15.026
2012-05-30,453.41,14.6073
2012-05-31,348.61,15.4474
2012-06-01,457.41,14.8163
2012-06-02,310.61,16.2983
2012-06-03,346.61,14.3989
2012-06-04,346.61,14.1913
2012-06-05,354.5,19.3561
2012-06-06,357.73,18.9119
2012-06-07,358.61,30.2017
2012-06-08,358.61,18.4701
2012-06-09,519.09,17.3764
2012-06-10,469.52,17.1595
2012-06-11,571.2,16.5126
2012-06-12,586.2,16.0846
2012-06-13,542.0,15.4474
2012-06-14,489.09,15.2364
2012-06-15,375.52,15.026
2012-06-16,358.41,14.8163
2012-06-17,443.35,14.6073
2012-06-18,320.5,14.6073
2012-06-19,334.27,14.3989
2012-06-20,268.85,14.1913
2012-06-21,386.5,19.823
2012-06-22,300.85,16.5126
2012-06-23,301.74,15.2364
2012-06-24,302.85,14.6073
2012-06-25,291.97,14.3989
2012-06-26,395.39,14.1913
2012-06-27,373.27,14.1913
2012-06-28,351.5,13.9844
2012-06-29,382.27,13.7781
2012-06-30,296.85,13.7781
2012-07-01,395.5,13.5726
2012-07-02,299.85,13.3678
2012-07-03,299.74,13.3678
2012-07-04,315.5,13.1637
2012-07-05,250.39,13.1637
2012-07-06,249.27,13.1637
2012-07-07,267.5,12.9604
2012-07-08,268.27,12.9604
2012-07-09,248.5,12.7577
2012-07-10,260.39,12.7577
2012-07-11,232.27,12.7577
2012-07-12,230.5,12.7577
2012-07-13,248.27,12.5558
2012-07-14,200.75,12.5558
2012-07-15,290.38,12.3547
2012-07-16,291.18,12.3547
2012-07-17,238.6,12.7577
2012-07-18,244.39,12.7577
2012-07-19,245.49,12.3547
2012-07-20,244.06,12.1543
2012-07-21,236.6,12.1543
2012-07-22,226.88,11.9547
2012-07-23,224.12,11.7558
2012-07-24,237.73,11.7558
2012-07-25,227.79,11.5577
2012-07-26,222.61,11.5577
2012-07-27,218.63,11.5577
2012-07-28,205.18,11.3604
2012-07-29,225.5,11.3604
2012-07-30,196.33,11.3604
2012-07-31,217.99,11.1639
2012-08-01,195.64,11.1639
2012-08-02,205.87,10.9682
2012-08-03,202.11,10.9682
2012-08-04,200.83,10.9682
2012-08-05,215.46,10.7733
2012-08-06,183.17,10.7733
2012-08-07,199.95,10.5792
2012-08-08,192.04,10.5792
2012-08-09,197.06,10.5792
2012-08-10,187.06,10.5792
2012-08-11,204.97,10.5792
2012-08-12,189.45,10.3859
2012-08-13,202.83,10.3859
2012-08-14,184.39,10.3859
2012-08-15,186.78,10.3859
2012-08-16,180.11,10.3859
2012-08-17,196.17,10.1934
2012-08-18,167.94,10.1934
2012-08-19,197.11,10.1934
2012-08-20,177.67,10.0018
2012-08-21,177.57,10.0018
2012-08-22,168.98,10.0018
2012-08-23,169.0,9.811
2012-08-24,180.67,9.811
2012-08-25,161.22,9.811
2012-08-26,162.22,9.6211
2012-08-27,162.22,9.6211
2012-08-28,172.89,9.6211
2012-08-29,163.18,9.432
2012-08-30,163.29,9.432
2012-08-31,173.98,9.432
2012-09-01,182.39,9.2438
2012-09-02,174.94,9.2438
2012-09-03,166.28,9.0565
2012-09-04,172.16,9.0565
2012-09-05,150.54,8.87
2012-09-06,151.83,8.87
2012-09-07,146.66,8.6845
2012-09-08,150.76,8.6845
2012-09-09,178.84,8.6845
2012-09-10,153.37,8.4999
2012-09-11,174.47,8.4999
2012-09-12,155.86,8.4999
2012-09-13,160.1,8.3162
2012-09-14,162.23,8.3162
2012-09-15,163.81,8.3162
2012-09-16,147.19,8.1334
2012-09-17,139.3,8.1334
2012-09-18,142.6,8.1334
2012-09-19,145.46,8.1334
2012-09-20,150.3,8.1334
2012-09-21,150.06,8.6845
2012-09-22,141.65,8.87
2012-09-23,148.06,8.87
2012-09-24,174.24,8.4999
2012-09-25,176.39,8.6845
2012-09-26,184.86,13.7781
2012-09-27,167.77,9.0565
2012-09-28,170.93,8.6845
2012-09-29,172.7,8.3162
2012-09-30,171.45,8.3162
2012-10-01,159.05,8.1334
2012-10-02,160.69,8.1334
2012-10-03,181.45,8.1334
2012-10-04,169.85,7.9516
2012-10-05,155.2,7.9516
2012-10-06,141.35,7.9516
2012-10-07,154.01,7.7707
2012-10-08,151.22,7.7707
2012-10-09,148.44,7.7707
2012-10-10,147.44,7.7707
2012-10-11,154.22,7.5908
2012-10-12,144.75,7.4119
2012-10-13,140.28,8.87
2012-10-14,127.08,8.1334
2012-10-15,119.75,7.7707
2012-10-16,112.5,7.5908
2012-10-17,121.92,7.7707
2012-10-18,141.97,8.6845
2012-10-19,120.54,8.4999
2012-10-20,116.87,8.3162
2012-10-21,126.33,7.9516
2012-10-22,90.18,8.6845
2012-10-23,128.63,11.1639
2012-10-24,142.79,10.7733
2012-10-25,125.99,9.6211
2012-10-26,100.19,8.87
2012-10-27,102.88,7.7707
2012-10-28,122.04,7.5908
2012-10-29,147.12,7.4119
2012-10-30,145.03,7.4119
2012-10-31,151.09,7.7707
2012-11-01,184.18,7.4119
2012-11-02,231.97,8.6845
2012-11-03,263.33,10.1934
2012-11-04,343.15,16.0846
2012-11-05,401.78,10.0018
2012-11-06,427.33,8.4999
2012-11-07,413.8,7.9516
2012-11-08,399.74,7.7707
2012-11-09,487.44,9.0565
2012-11-10,712.61,8.1334
2012-11-11,670.61,10.1934
2012-11-12,525.11,8.87
2012-11-13,415.34,11.1639
2012-11-14,789.05,49.7616
2012-11-15,797.28,18.6907
2012-11-16,491.61,10.7733
2012-11-17,637.39,8.87
2012-11-18,634.27,18.4701
2012-11-19,440.73,10.3859
2012-11-20,478.0,9.432
2012-11-21,555.27,8.87
2012-11-22,401.73,8.3162
2012-11-23,286.72,8.4999
2012-11-24,549.0,8.1334
2012-11-25,640.7,22.8045
2012-11-26,700.86,20.5571
2012-11-27,486.0,13.7781
2012-11-28,618.39,11.1639
2012-11-29,623.5,10.7733
2012-11-30,410.11,10.3859
2012-12-01,487.73,10.0018
2012-12-02,487.61,10.9682
2012-12-03,411.11,34.9701
2012-12-04,406.34,19.823
2012-12-05,251.7,63.5165
2012-12-06,256.5,28.8379
2012-12-07,300.75,20.0669
2012-12-08,338.78,15.026
2012-12-09,301.58,15.8715
2012-12-10,263.56,11.7558
2012-12-11,253.19,10.3859
2012-12-12,258.13,10.3859
2012-12-13,252.33,9.432
2012-12-14,283.44,40.2299
2012-12-15,343.56,17.5939
2012-12-16,347.06,11.7558
2012-12-17,351.44,14.3989
2012-12-18,377.72,12.3547
2012-12-19,402.44,10.3859
2012-12-20,333.06,11.3604
2012-12-21,336.06,16.5126
2012-12-22,337.06,21.0508
2012-12-23,336.06,15.2364
2012-12-24,336.06,11.3604
2012-12-25,367.56,10.5792
2012-12-26,344.06,10.1934
2012-12-27,268.55,14.6073
2012-12-28,270.67,14.3989
2012-12-29,195.39,25.1171
2012-12-30,196.16,12.5558
2012-12-31,256.67,12.3547
2013-01-01,233.78,11.9547
2013-01-02,201.89,11.5577
2013-01-03,159.18,11.1639
2013-01-04,134.47,10.9682
2013-01-05,132.25,10.7733
2013-01-06,145.1,10.5792
2013-01-07,161.61,10.3859
2013-01-08,197.63,13.7781
2013-01-09,255.83,12.1543
2013-01-10,278.51,16.9432
2013-01-11,338.5,52.3132
2013-01-12,439.32,27.4922
2013-01-13,551.51,23.0583
2013-01-14,632.96,24.3392
2013-01-15,749.85,31.0286
2013-01-16,840.06,25.6396
2013-01-17,886.67,23.8245
2013-01-18,906.66,22.048
2013-01-19,920.35,19.58
2013-01-20,936.36,18.0308
2013-01-21,941.79,16.7276
2013-01-22,877.22,16.0846
2013-01-23,764.58,15.6591
2013-01-24,707.69,15.2364
2013-01-25,677.37,15.026
2013-01-26,663.86,14.1913
2013-01-27,706.56,13.9844
2013-01-28,1222.89,16.7276
2013-01-29,1687.11,67.8482
2013-01-30,1999.78,34.3988
2013-01-31,1922.5,32.1409
2013-02-01,1840.0,27.7599
2013-02-02,1721.8,25.6396
2013-02-03,1624.41,24.0814
2013-02-04,1613.41,25.902
2013-02-05,1628.15,32.4208
2013-02-06,1629.09,46.3135
2013-02-07,1637.41,32.9825
2013-02-08,1550.27,34.1142
2013-02-09,1489.32,31.3056
2013-02-10,1326.17,29.654
2013-02-11,1232.57,28.2974
2013-02-12,1153.19,24.5977
2013-02-13,1042.96,22.5515
2013-02-14,966.89,22.048
2013-02-15,814.59,21.5477
2013-02-16,670.56,20.8035
2013-02-17,571.71,20.3116
2013-02-18,518.37,19.823
2013-02-19,463.58,19.3561
2013-02-20,437.27,18.4701
2013-02-21,400.57,17.812
2013-02-22,370.25,21.0508
2013-02-23,339.53,17.3764
2013-02-24,325.31,17.5939
2013-02-25,323.06,16.9432
2013-02-26,331.96,17.5939
2013-02-27,365.15,16.9432
2013-02-28,514.46,24.3392
2013-03-01,615.3,28.5673
2013-03-02,650.33,40.5282
2013-03-03,659.08,54.2506
2013-03-04,654.9,33.547
2013-03-05,656.54,51.0328
2013-03-06,614.67,34.3988
2013-03-07,605.33,32.7013
2013-03-08,625.34,26.9591
2013-03-09,616.16,30.2017
2013-03-10,591.44,25.1171
2013-03-11,564.82,36.9905
2013-03-12,538.08,34.1142
2013-03-13,517.82,32.9825
2013-03-14,492.13,23.5683
2013-03-15,476.0,22.5515
2013-03-16,467.44,22.048
2013-03-17,473.0,21.5477
2013-03-18,461.0,21.0508
2013-03-19,450.44,21.2988
2013-03-20,443.87,20.5571
2013-03-21,452.44,24.0814
2013-03-22,457.56,23.3129
2013-03-23,484.13,21.2988
2013-03-24,518.39,25.1171
2013-03-25,584.81,31.8618
2013-03-26,697.91,28.8379
2013-03-27,831.28,26.1651
2013-03-28,986.63,26.6937
2013-03-29,999.67,22.2994
2013-03-30,925.59,21.7975
2013-03-31,785.55,21.5477
2013-04-01,666.8,21.5477
2013-04-02,564.91,21.0508
2013-04-03,540.77,29.1092
2013-04-04,557.33,24.3392
2013-04-05,599.11,33.8303
2013-04-06,645.19,23.5683
2013-04-07,719.31,27.2253
2013-04-08,803.86,24.3392
2013-04-09,943.28,26.9591
2013-04-10,1041.81,22.2994
2013-04-11,1118.41,26.6937
2013-04-12,1075.83,32.7013
2013-04-13,999.17,40.5282
2013-04-14,985.73,29.3812
2013-04-15,917.77,26.4291
2013-04-16,807.81,24.3392
2013-04-17,737.37,23.3129
2013-04-18,668.81,22.5515
2013-04-19,576.91,22.048
2013-04-20,521.04,21.5477
2013-04-21,445.96,21.2988
2013-04-22,426.06,20.8035
2013-04-23,408.07,20.5571
2013-04-24,379.6,20.0669
2013-04-25,341.64,19.823
2013-04-26,324.28,19.3561
2013-04-27,298.33,19.1337
2013-04-28,284.81,18.9119
2013-04-29,280.34,18.6907
2013-04-30,286.69,18.6907
2013-05-01,285.06,18.2501
2013-05-02,276.04,18.0308
2013-05-03,279.09,18.0308
2013-05-04,284.19,17.812
2013-05-05,284.19,17.5939
2013-05-06,277.7,17.3764
2013-05-07,270.3,17.1595
2013-05-08,,17.1595
2013-05-09,,16.9432
2013-05-10,,16.7276
2013-05-11,,16.7276
2013-05-12,,16.5126
2013-05-13,,16.5126
2013-05-14,,16.2983
2013-05-15,219.78,16.2983
2013-05-16,215.53,16.0846
2013-05-17,216.24,15.8715
2013-05-18,216.66,15.6591
2013-05-19,218.74,15.6591
2013-05-20,221.44,15.4474
2013-05-21,212.72,15.4474
2013-05-22,210.48,15.2364
2013-05-23,208.17,15.2364
2013-05-24,215.77,15.026
2013-05-25,229.41,15.2364
2013-05-26,250.9,14.8163
2013-05-27,290.05,15.026
2013-05-28,341.67,18.6907
2013-05-29,370.67,53.6026
2013-05-30,394.69,25.378
2013-05-31,436.12,19.3561
2013-06-01,461.32,17.5939
2013-06-02,462.0,17.1595
2013-06-03,458.0,18.0308
2013-06-04,441.57,17.1595
2013-06-05,420.61,16.9432
2013-06-06,407.48,16.7276
2013-06-07,398.92,16.5126
2013-06-08,382.74,16.5126
2013-06-09,352.56,16.0846
2013-06-10,319.28,15.8715
2013-06-11,309.61,15.6591
2013-06-12,290.67,15.4474
2013-06-13,275.37,15.2364
2013-06-14,261.33,15.2364
2013-06-15,251.72,15.026
2013-06-16,232.71,15.026
2013-06-17,228.57,14.8163
2013-06-18,219.67,15.026
2013-06-19,214.93,14.6073
2013-06-20,211.34,14.6073
2013-06-21,202.67,14.3989
2013-06-22,206.52,14.3989
2013-06-23,206.26,14.1913
2013-06-24,202.47,13.9844
2013-06-25,209.49,13.9844
2013-06-26,211.21,13.9844
2013-06-27,208.0,13.7781
2013-06-28,208.57,13.7781
2013-06-29,207.46,13.5726
2013-06-30,205.96,13.5726
2013-07-01,200.34,13.5726
2013-07-02,196.28,13.3678
2013-07-03,189.33,13.3678
2013-07-04,186.24,13.3678
2013-07-05,184.15,13.3678
2013-07-06,185.31,13.1637
2013-07-07,183.31,13.1637
2013-07-08,183.33,13.1637
2013-07-09,183.01,12.9604
2013-07-10,182.29,12.9604
2013-07-11,180.57,12.9604
2013-07-12,186.53,13.1637
2013-07-13,179.85,13.1637
2013-07-14,183.82,12.7577
2013-07-15,178.5,12.7577
2013-07-16,178.91,12.5558
2013-07-17,172.46,12.5558
2013-07-18,179.44,12.3547
2013-07-19,173.47,12.3547
2013-07-20,175.73,12.9604
2013-07-21,175.9,12.3547
2013-07-22,172.63,11.9547
2013-07-23,173.69,11.9547
2013-07-24,170.27,11.7558
2013-07-25,170.85,11.7558
2013-07-26,164.47,11.7558
2013-07-27,166.47,11.5577
2013-07-28,166.98,11.5577
2013-07-29,171.22,11.5577
2013-07-30,172.2,11.5577
2013-07-31,164.53,11.5577
2013-08-01,159.89,11.3604
2013-08-02,153.22,11.3604
2013-08-03,154.19,11.3604
2013-08-04,144.87,11.1639
2013-08-05,147.89,11.1639
2013-08-06,143.26,11.1639
2013-08-07,140.27,11.1639
2013-08-08,141.97,11.1639
2013-08-09,141.61,11.1639
2013-08-10,134.33,11.1639
2013-08-11,136.06,11.1639
2013-08-12,134.06,10.9682
2013-08-13,127.69,10.9682
2013-08-14,131.69,10.9682
2013-08-15,125.06,10.9682
2013-08-16,127.06,10.7733
2013-08-17,129.33,10.7733
2013-08-18,127.06,11.3604
2013-08-19,126.06,11.7558
2013-08-20,125.06,10.9682
2013-08-21,128.7,10.9682
2013-08-22,121.06,10.7733
2013-08-23,120.44,10.7733
2013-08-24,119.44,10.3859
2013-08-25,121.69,10.3859
2013-08-26,115.16,10.0018
2013-08-27,113.34,9.811
2013-08-28,112.34,9.811
2013-08-29,107.75,9.6211
2013-08-30,112.19,9.6211
2013-08-31,109.9,9.6211
2013-09-01,101.78,9.432
2013-09-02,99.31,9.432
2013-09-03,93.38,9.432
2013-09-04,89.49,9.432
2013-09-05,89.31,10.9682
2013-09-06,91.75,10.0018
2013-09-07,91.41,9.811
2013-09-08,94.65,9.811
2013-09-09,99.12,9.6211
2013-09-10,97.47,9.6211
2013-09-11,96.35,9.432
2013-09-12,99.5,9.2438
2013-09-13,101.16,9.0565
2013-09-14,102.64,9.0565
2013-09-15,107.06,9.0565
2013-09-16,106.06,9.0565
2013-09-17,107.48,9.432
2013-09-18,105.26,10.5792
2013-09-19,107.0,9.811
2013-09-20,109.78,10.1934
2013-09-21,115.8,9.811
2013-09-22,117.89,9.2438
2013-09-23,126.57,9.0565
2013-09-24,129.94,8.87
2013-09-25,130.89,8.87
2013-09-26,139.1,8.87
2013-09-27,140.14,8.87
2013-09-28,139.09,8.6845
2013-09-29,139.32,8.6845
2013-09-30,134.96,10.3859
2013-10-01,137.78,17.3764
2013-10-02,138.06,11.8614
2013-10-03,140.92,13.3277
2013-10-04,135.21,11.4984
2013-10-05,137.64,10.9567
2013-10-06,141.69,10.5974
2013-10-07,149.87,10.0616
2013-10-08,149.53,9.8838
2013-10-09,156.48,12.9591
2013-10-10,155.56,10.9567
2013-10-11,155.51,10.4184
2013-10-12,150.06,10.4184
2013-10-13,149.35,10.2398
2013-10-14,148.57,9.8838
2013-10-15,156.38,9.8838
2013-10-16,154.75,9.8838
2013-10-17,161.84,10.2398
2013-10-18,166.92,18.3779
2013-10-19,188.36,15.0028
2013-10-20,209.31,11.8614
2013-10-21,234.19,11.3174
2013-10-22,243.63,10.9567
2013-10-23,258.61,10.5974
2013-10-24,258.04,10.2398
2013-10-25,237.67,9.8838
2013-10-26,226.58,9.8838
2013-10-27,209.36,9.5294
2013-10-28,190.76,9.3529
2013-10-29,170.85,9.8838
2013-10-30,167.7,12.5918
2013-10-31,156.98,11.8614
2013-11-01,154.29,11.3174
2013-11-02,151.88,9.8838
2013-11-03,157.96,9.5294
2013-11-04,155.72,9.1768
2013-11-05,152.41,9.1768
2013-11-06,164.2,12.0435
2013-11-07,168.93,11.8614
2013-11-08,184.19,12.7752
2013-11-09,208.27,11.8614
2013-11-10,222.69,11.6797
2013-11-11,225.62,11.3174
2013-11-12,230.94,10.9567
2013-11-13,228.73,10.5974
2013-11-14,225.37,10.2398
2013-11-15,219.58,10.0616
2013-11-16,212.58,9.8838
2013-11-17,205.01,12.0435
2013-11-18,203.22,9.5294
2013-11-19,198.8,9.5294
2013-11-20,197.58,9.5294
2013-11-21,209.58,9.5294
2013-11-22,224.16,9.5294
2013-11-23,243.52,12.9591
2013-11-24,272.67,20.8035
2013-11-25,318.54,18.6166
2013-11-26,400.77,68.6511
2013-11-27,476.0,29.9275
2013-11-28,533.87,14.2551
2013-11-29,582.17,13.5125
2013-11-30,609.31,15.9442
2013-12-01,623.46,68.2491
2013-12-02,641.82,26.4291
2013-12-03,682.33,78.6547
2013-12-04,711.27,56.5362
2013-12-05,756.56,27.7599
2013-12-06,771.71,16.893
2013-12-07,801.86,16.893
2013-12-08,800.86,16.3228
2013-12-09,806.65,15.7553
2013-12-10,814.22,15.3784
2013-12-11,882.67,15.3784
2013-12-12,901.68,47.2468
2013-12-13,1020.6,27.2253
2013-12-14,1133.72,16.893
2013-12-15,1159.57,15.7553
2013-12-16,1171.0,15.3784
2013-12-17,1161.29,17.9032
2013-12-18,1120.72,23.5683
2013-12-19,1086.16,20.5571
2013-12-20,1056.59,17.2744
2013-12-21,1021.03,16.5126
2013-12-22,1052.59,16.5126
2013-12-23,1442.95,16.5126
2013-12-24,1408.27,16.5126
2013-12-25,1194.54,16.3228
2013-12-26,1069.62,15.9442
2013-12-27,925.34,15.3784
2013-12-28,863.92,15.3784
2013-12-29,787.65,15.1905
2013-12-30,803.39,14.8154
2013-12-31,681.33,14.8154
2014-01-01,673.27,14.069
2014-01-02,694.61,14.069
2014-01-03,617.6,13.8832
2014-01-04,573.81,13.8832
2014-01-05,472.0,13.1432
2014-01-06,404.75,12.7752
2014-01-07,357.88,12.0435
2014-01-08,311.72,11.8614
2014-01-09,339.62,11.6797
2014-01-10,290.73,11.4984
2014-01-11,292.67,11.3174
2014-01-12,227.74,11.4984
2014-01-13,214.34,11.3174
2014-01-14,202.24,11.4984
2014-01-15,210.22,11.3174
2014-01-16,211.94,11.3174
2014-01-17,235.81,11.3174
2014-01-18,258.5,12.2259
2014-01-19,296.5,37.8663
2014-01-20,341.43,12.5918
2014-01-21,360.12,12.0435
2014-01-22,419.32,11.8614
2014-01-23,431.39,36.1207
2014-01-24,428.3,13.6977
2014-01-25,398.9,15.0028
2014-01-26,397.31,14.6283
2014-01-27,365.0,13.1432
2014-01-28,297.35,12.7752
2014-01-29,243.28,12.5918
2014-01-30,214.11,11.8614
2014-01-31,196.59,11.3174
2014-02-01,173.86,11.1369
2014-02-02,154.14,11.1369
2014-02-03,131.29,10.9567
2014-02-04,113.4,10.9567
2014-02-05,108.13,10.5974
2014-02-06,104.35,10.5974
2014-02-07,105.24,10.5974
2014-02-08,97.52,10.4184
2014-02-09,90.22,10.4184
2014-02-10,90.81,10.2398
2014-02-11,92.41,10.2398
2014-02-12,94.83,10.2398
2014-02-13,99.34,10.0616
2014-02-14,102.56,10.4184
2014-02-15,98.09,10.4184
2014-02-16,97.61,10.0616
2014-02-17,103.7,14.2551
2014-02-18,114.46,22.8045
2014-02-19,138.93,13.5125
2014-02-20,151.84,10.7769
2014-02-21,166.71,10.2398
2014-02-22,171.07,10.2398
2014-02-23,168.29,10.2398
2014-02-24,156.71,10.0616
2014-02-25,153.94,10.0616
2014-02-26,143.37,10.0616
2014-02-27,138.58,10.0616
2014-02-28,128.01,10.0616
2014-03-01,124.22,10.0616
2014-03-02,118.44,9.8838
2014-03-03,131.01,9.8838
2014-03-04,142.58,13.1432
2014-03-05,174.24,11.1369
2014-03-06,217.11,12.4086
2014-03-07,269.19,12.5918
2014-03-08,298.13,10.5974
2014-03-09,298.13,10.2398
2014-03-10,286.56,10.0616
2014-03-11,264.41,9.8838
2014-03-12,241.26,9.8838
2014-03-13,195.96,9.8838
2014-03-14,167.03,9.7064
2014-03-15,143.88,9.7064
2014-03-16,132.31,9.7064
2014-03-17,114.53,9.7064
2014-03-18,117.53,9.7064
2014-03-19,119.6,9.7064
2014-03-20,115.52,10.9567
2014-03-21,127.33,10.2398
2014-03-22,139.68,13.3277
2014-03-23,166.69,10.5974
2014-03-24,192.84,13.1432
2014-03-25,200.56,10.0616
2014-03-26,183.89,9.8838
2014-03-27,184.41,9.8838
2014-03-28,183.56,9.7064
2014-03-29,176.77,9.7064
2014-03-30,188.81,9.7064
2014-03-31,197.44,9.7064
2014-04-01,217.56,9.7064
2014-04-02,239.78,15.0028
2014-04-03,251.78,17.4656
2014-04-04,265.0,11.8614
2014-04-05,271.22,11.6797
2014-04-06,272.22,11.4984
2014-04-07,260.11,11.3174
2014-04-08,244.44,11.3174
2014-04-09,238.89,11.3174
2014-04-10,232.78,11.3174
2014-04-11,227.78,12.2259
2014-04-12,211.11,19.58
2014-04-13,194.44,13.8832
2014-04-14,192.06,17.4656
2014-04-15,186.34,20.0669
2014-04-16,180.56,22.048
2014-04-17,175.77,48.8142
2014-04-18,187.04,22.5515
2014-04-19,177.78,19.823
2014-04-20,183.44,15.5667
2014-04-21,197.44,13.3277
2014-04-22,210.67,14.6283
2014-04-23,214.67,16.5126
2014-04-24,211.74,23.0583
2014-04-25,193.49,15.1905
2014-04-26,171.77,12.9591
2014-04-27,148.62,11.8614
2014-04-28,136.36,11.4984
2014-04-29,135.33,11.4984
2014-04-30,126.36,11.4984
2014-05-01,122.47,11.4984
2014-05-02,121.59,11.3174
2014-05-03,120.22,11.3174
2014-05-04,120.22,11.1369
2014-05-05,115.13,11.1369
2014-05-06,119.69,11.1369
2014-05-07,122.5,11.1369
2014-05-08,121.11,10.9567
2014-05-09,122.66,10.9567
2014-05-10,120.11,10.9567
2014-05-11,118.1,10.5974
2014-05-12,103.44,10.5974
2014-05-13,93.49,10.5974
2014-05-14,90.96,10.5974
2014-05-15,84.08,10.5974
2014-05-16,88.48,10.4184
2014-05-17,84.39,10.4184
2014-05-18,88.56,10.2398
2014-05-19,88.22,10.2398
2014-05-20,91.33,10.2398
2014-05-21,88.33,10.2398
2014-05-22,84.78,10.2398
2014-05-23,85.33,10.0616
2014-05-24,83.78,10.0616
2014-05-25,84.78,10.0616
2014-05-26,87.32,10.0616
2014-05-27,88.18,9.8838
2014-05-28,88.48,9.8838
2014-05-29,84.78,9.8838
2014-05-30,80.67,9.7064
2014-05-31,80.11,9.7064
2014-06-01,80.67,9.7064
2014-06-02,75.11,9.7064
2014-06-03,81.67,9.7064
2014-06-04,71.56,9.5294
2014-06-05,81.67,9.5294
2014-06-06,80.67,9.5294
2014-06-07,76.22,9.3529
2014-06-08,76.22,9.3529
2014-06-09,73.29,9.3529
2014-06-10,75.6,9.3529
2014-06-11,82.31,9.1768
2014-06-12,81.78,9.1768
2014-06-13,77.22,9.1768
2014-06-14,77.22,9.1768
2014-06-15,78.22,9.0011
2014-06-16,72.67,9.0011
2014-06-17,71.67,9.0011
2014-06-18,67.11,8.8259
2014-06-19,68.11,8.8259
2014-06-20,68.11,8.8259
2014-06-21,68.11,8.8259
2014-06-22,63.56,8.6511
2014-06-23,63.56,8.6511
2014-06-24,66.56,8.6511
2014-06-25,62.01,8.4768
2014-06-26,64.56,8.4768
2014-06-27,64.56,8.4768
2014-06-28,59.0,8.303
2014-06-29,60.0,8.303
2014-06-30,60.0,8.303
2014-07-01,60.0,8.303
2014-07-02,55.44,8.1296
2014-07-03,56.0,8.1296
2014-07-04,58.56,8.1296
2014-07-05,57.56,8.1296
2014-07-06,57.56,7.9567
2014-07-07,57.67,7.9567
2014-07-08,53.46,7.9567
2014-07-09,55.93,7.9567
2014-07-10,56.63,7.7843
2014-07-11,50.0,7.7843
2014-07-12,50.0,7.7843
2014-07-13,50.0,7.7843
2014-07-14,48.44,7.7843
2014-07-15,48.44,7.6124
2014-07-16,49.44,7.6124
2014-07-17,51.89,7.6124
2014-07-18,51.33,7.6124
2014-07-19,54.11,7.6124
2014-07-20,58.58,7.441
2014-07-21,67.38,7.441
2014-07-22,72.24,7.441
2014-07-23,78.03,7.441
2014-07-24,86.44,7.441
2014-07-25,97.78,7.2701
2014-07-26,104.49,10.2398
2014-07-27,108.19,13.1432
2014-07-28,107.5,9.8838
2014-07-29,107.96,8.4768
2014-07-30,107.96,8.1296
2014-07-31,107.5,8.1296
2014-08-01,103.33,7.9567
2014-08-02,99.17,7.9567
2014-08-03,95.15,7.9567
2014-08-04,90.0,7.9567
2014-08-05,82.06,7.7843
2014-08-06,75.5,7.7843
2014-08-07,66.78,7.7843
2014-08-08,62.15,7.7843
2014-08-09,56.75,7.7843
2014-08-10,56.36,7.6124
2014-08-11,56.59,7.6124
2014-08-12,58.44,7.6124
2014-08-13,58.75,7.6124
2014-08-14,60.06,7.6124
2014-08-15,56.59,7.6124
2014-08-16,54.74,7.441
2014-08-17,52.89,7.441
2014-08-18,49.26,7.441
2014-08-19,47.41,7.441
2014-08-20,45.29,7.441
2014-08-21,43.38,7.2701
2014-08-22,44.69,7.2701
2014-08-23,44.92,7.2701
2014-08-24,45.61,7.2701
2014-08-25,45.92,7.0997
2014-08-26,50.78,7.0997
2014-08-27,49.87,6.9299
2014-08-28,50.47,6.9299
2014-08-29,49.47,6.9299
2014-08-30,50.47,6.9299
2014-08-31,49.47,6.7606
2014-09-01,45.61,6.7606
2014-09-02,40.75,7.2701
2014-09-03,38.61,7.0997
2014-09-04,41.33,6.9299
2014-09-05,41.33,6.9299
2014-09-06,41.33,6.9299
2014-09-07,42.33,6.7606
2014-09-08,36.47,6.7606
2014-09-09,27.75,6.7606
2014-09-10,27.75,6.5919
2014-09-11,22.89,6.5919
2014-09-12,22.89,6.4237
2014-09-13,22.89,6.4237
2014-09-14,28.75,6.4237
2014-09-15,29.75,6.2561
2014-09-16,29.75,6.2561
2014-09-17,32.61,6.2561
2014-09-18,28.75,6.2561
2014-09-19,31.61,6.0891
2014-09-20,35.61,6.0891
2014-09-21,39.47,6.0891
2014-09-22,39.47,6.0891
2014-09-23,34.61,6.0891
2014-09-24,29.75,6.0891
2014-09-25,26.89,6.0891
2014-09-26,28.89,6.0891
2014-09-27,25.61,5.9227
2014-09-28,21.89,5.9227
2014-09-29,21.03,5.9227
2014-09-30,16.17,5.9227
2014-10-01,16.17,5.9227
2014-10-02,16.03,6.9299
2014-10-03,14.89,6.0891
2014-10-04,14.19,5.9227
2014-10-05,13.5,5.9227
2014-10-06,13.19,5.9227
2014-10-07,9.41,5.9227
2014-10-08,11.33,5.9227
2014-10-09,11.42,5.5916
2014-10-10,11.51,5.5916
2014-10-11,11.67,5.5916
2014-10-12,12.37,5.5916
2014-10-13,16.85,5.5916
2014-10-14,16.54,5.4271
2014-10-15,16.15,5.4271
2014-10-16,19.85,5.4271
2014-10-17,21.09,5.4271
2014-10-18,23.33,5.4271
2014-10-19,18.7,5.4271
2014-10-20,16.85,5.4271
2014-10-21,14.54,7.6124
2014-10-22,17.55,6.9299
2014-10-23,23.25,6.0891
2014-10-24,27.8,5.9227
2014-10-25,27.33,5.9227
2014-10-26,27.8,7.0997
2014-10-27,30.65,9.1768
2014-10-28,38.98,6.9299
2014-10-29,47.17,6.2561
2014-10-30,53.75,6.4237
2014-10-31,65.03,10.7769
2014-11-01,82.62,7.0997
2014-11-02,82.62,6.4237
2014-11-03,65.57,7.9567
2014-11-04,68.83,6.9299
2014-11-05,80.17,6.5919
2014-11-06,71.67,22.2994
2014-11-07,58.26,8.8259
2014-11-08,66.82,8.303
2014-11-09,75.62,9.3529
2014-11-10,88.81,7.9567
2014-11-11,110.81,7.2701
2014-11-12,111.27,6.9299
2014-11-13,107.33,6.7606
2014-11-14,116.67,6.7606
2014-11-15,132.33,7.7843
2014-11-16,153.4,6.9299
2014-11-17,159.19,6.7606
2014-11-18,159.19,6.5919
2014-11-19,168.98,6.5919
2014-11-20,194.37,6.5919
2014-11-21,218.29,6.5919
2014-11-22,219.83,6.4237
2014-11-23,235.57,6.5919
2014-11-24,282.33,7.7843
2014-11-25,314.67,10.5974
2014-11-26,370.07,21.0508
2014-11-27,433.19,29.9275
2014-11-28,523.85,50.7142
2014-11-29,620.61,27.2253
2014-11-30,761.81,18.3779
2014-12-01,994.15,37.2818
2014-12-02,842.22,32.1409
2014-12-03,820.86,29.654
2014-12-04,741.08,27.4922
2014-12-05,645.86,30.7522
2014-12-06,579.81,30.4766
2014-12-07,509.89,27.4922
2014-12-08,461.28,24.0814
2014-12-09,441.83,29.654
2014-12-10,416.53,24.0814
2014-12-11,413.67,27.7599
2014-12-12,420.23,25.902
2014-12-13,438.98,23.3129
2014-12-14,471.85,19.823
2014-12-15,489.37,16.7026
2014-12-16,490.37,15.3784
2014-12-17,461.27,14.4416
2014-12-18,435.19,13.6977
2014-12-19,402.71,13.3277
2014-12-20,387.9,20.0669
2014-12-21,376.09,34.1142
2014-12-22,363.59,21.7975
2014-12-23,317.76,20.0669
2014-12-24,320.07,19.0965
2014-12-25,297.08,25.1171
2014-12-26,290.14,21.5477
2014-12-27,301.02,18.6166
2014-12-28,285.97,16.7026
2014-12-29,270.69,13.3277
2014-12-30,245.0,12.0435
2014-12-31,226.94,12.0435
2015-01-01,191.3,12.5918
2015-01-02,188.06,11.1369
2015-01-03,177.33,11.4984
2015-01-04,187.06,18.8561
2015-01-05,206.5,11.6797
2015-01-06,206.33,13.3277
2015-01-07,206.33,11.4984
2015-01-08,191.22,11.3174
2015-01-09,177.56,11.1369
2015-01-10,177.56,10.9567
2015-01-11,122.0,10.5974
2015-01-12,122.0,10.4184
2015-01-13,117.44,10.0616
2015-01-14,116.44,9.8838
2015-01-15,110.89,9.7064
2015-01-16,94.22,9.3529
2015-01-17,77.56,9.1768
2015-01-18,66.44,9.0011
2015-01-19,56.0,8.8259
2015-01-20,56.0,8.8259
2015-01-21,60.67,9.1768
2015-01-22,80.11,10.2398
2015-01-23,99.09,10.0616
2015-01-24,120.0,11.4984
2015-01-25,139.91,28.5673
2015-01-26,167.61,18.6166
2015-01-27,191.06,25.378
2015-01-28,216.22,18.3779
2015-01-29,232.89,11.8614
2015-01-30,230.11,7.6124
2015-01-31,202.33,7.0997
2015-02-01,191.22,9.0011
2015-02-02,163.44,8.6511
2015-02-03,157.89,8.4768
2015-02-04,230.11,8.6511
2015-02-05,396.78,19.0965
2015-02-06,676.56,16.5126
2015-02-07,787.2,28.2974
2015-02-08,859.89,37.5737
2015-02-09,914.44,22.5515
2015-02-10,947.55,18.6166
2015-02-11,932.66,18.1401
2015-02-12,857.78,28.8379
2015-02-13,753.78,25.6396
2015-02-14,636.02,20.8035
2015-02-15,545.67,23.3129
2015-02-16,490.11,20.5571
2015-02-17,467.89,21.0508
2015-02-18,479.0,23.3129
2015-02-19,512.33,30.4766
2015-02-20,529.46,22.5515
2015-02-21,531.0,19.58
2015-02-22,514.33,17.9032
2015-02-23,499.69,16.5126
2015-02-24,470.89,15.5667
2015-02-25,450.21,15.1905
2015-02-26,439.03,14.8154
2015-02-27,430.46,16.5126
2015-02-28,452.69,15.0028
2015-03-01,457.78,15.1905
2015-03-02,436.02,14.6283
2015-03-03,448.74,14.6283
2015-03-04,439.94,15.3784
2015-03-05,454.22,17.9032
2015-03-06,474.52,21.5477
2015-03-07,478.3,22.2994
2015-03-08,493.57,20.3116
2015-03-09,534.7,21.7975
2015-03-10,620.19,25.378
2015-03-11,746.51,19.0965
2015-03-12,949.06,19.823
2015-03-13,1530.76,22.048
2015-03-14,1076.37,23.0583
2015-03-15,1026.29,21.0508
2015-03-16,982.46,21.0508
2015-03-17,971.05,25.1171
2015-03-18,938.17,23.5683
2015-03-19,905.55,28.2974
2015-03-20,906.55,24.0814
2015-03-21,932.17,21.7975
2015-03-22,1002.61,35.832
2015-03-23,1070.74,42.6339
2015-03-24,1125.02,24.0814
2015-03-25,1138.08,22.5515
2015-03-26,1096.0,21.2988
2015-03-27,1099.52,42.0292
2015-03-28,960.63,69.8644
2015-03-29,895.7,56.5362
2015-03-30,828.8,34.3988
2015-03-31,748.98,35.544
2015-04-01,775.76,29.654
2015-04-02,706.0,22.048
2015-04-03,726.15,25.6396
2015-04-04,667.96,22.048
2015-04-05,694.74,32.1409
2015-04-06,667.77,29.3812
2015-04-07,577.88,24.5977
2015-04-08,512.56,22.5515
2015-04-09,491.61,21.5477
2015-04-10,423.71,20.0669
2015-04-11,426.22,19.0965
2015-04-12,420.16,19.0965
2015-04-13,349.26,18.1401
2015-04-14,365.72,17.6672
2015-04-15,310.05,17.2744
2015-04-16,304.65,17.2744
2015-04-17,302.22,16.7026
2015-04-18,310.05,16.3228
2015-04-19,330.19,16.3228
2015-04-20,339.24,18.1401
2015-04-21,362.08,22.048
2015-04-22,342.85,25.1171
2015-04-23,340.42,23.5683
2015-04-24,346.25,23.0583
2015-04-25,348.1,19.58
2015-04-26,334.17,17.2744
2015-04-27,309.05,16.3228
2015-04-28,304.65,16.3228
2015-04-29,302.22,16.3228
2015-04-30,232.39,16.3228
2015-05-01,273.39,15.3784
2015-05-02,278.27,16.3228
2015-05-03,270.39,15.7553
2015-05-04,253.2,15.3784
2015-05-05,288.37,23.5683
2015-05-06,274.07,25.1171
2015-05-07,345.03,32.9825
2015-05-08,271.19,21.0508
2015-05-09,272.39,17.6672
2015-05-10,348.66,17.2744
2015-05-11,424.97,32.7013
2015-05-12,422.11,20.5571
2015-05-13,349.58,18.6166
2015-05-14,277.39,17.2744
2015-05-15,282.27,16.7026
2015-05-16,274.39,16.3228
2015-05-17,275.5,16.3228
2015-05-18,272.07,16.3228
2015-05-19,237.04,15.3784
2015-05-20,213.81,15.3784
2015-05-21,207.15,15.3784
2015-05-22,196.32,15.3784
2015-05-23,216.9,14.4416
2015-05-24,205.53,14.4416
2015-05-25,210.33,14.4416
2015-05-26,211.21,14.4416
2015-05-27,226.9,13.5125
2015-05-28,228.0,12.7752
2015-05-29,220.52,14.4416
2015-05-30,227.93,14.2551
2015-05-31,232.71,14.069
2015-06-01,231.55,13.5125
2015-06-02,224.67,13.6977
2015-06-03,224.67,14.8154
2015-06-04,219.61,13.6977
2015-06-05,209.45,13.5125
2015-06-06,219.2,13.5125
2015-06-07,204.3,13.3277
2015-06-08,199.7,13.3277
2015-06-09,191.0,13.1432
2015-06-10,188.5,12.9591
2015-06-11,188.45,12.9591
2015-06-12,167.7,12.7752
2015-06-13,162.37,12.5918
2015-06-14,163.26,12.5918
2015-06-15,165.85,12.4086
2015-06-16,158.98,12.4086
2015-06-17,152.32,12.2259
2015-06-18,155.91,12.2259
2015-06-19,163.26,13.5125
2015-06-20,167.77,12.4086
2015-06-21,166.62,12.7752
2015-06-22,152.22,12.2259
2015-06-23,155.85,12.2259
2015-06-24,143.85,12.2259
2015-06-25,142.42,12.0435
2015-06-26,144.34,12.0435
2015-06-27,145.22,12.0435
2015-06-28,137.04,11.8614
2015-06-29,129.63,11.8614
2015-06-30,133.99,11.8614
2015-07-01,147.34,11.8614
2015-07-02,148.76,11.6797
2015-07-03,142.53,11.6797
2015-07-04,137.04,11.6797
2015-07-05,157.75,11.6797
2015-07-06,148.34,11.6797
2015-07-07,145.53,11.4984
2015-07-08,152.22,11.4984
2015-07-09,142.38,11.4984
2015-07-10,135.12,11.4984
2015-07-11,122.25,11.4984
2015-07-12,127.39,11.3174
2015-07-13,123.44,11.3174
2015-07-14,115.5,11.3174
2015-07-15,130.59,11.3174
2015-07-16,112.13,11.1369
2015-07-17,117.3,11.1369
2015-07-18,130.39,11.1369
2015-07-19,109.56,11.1369
2015-07-20,109.56,10.9567
2015-07-21,100.61,10.9567
2015-07-22,102.49,10.9567
2015-07-23,103.59,10.7769
2015-07-24,103.44,10.7769
2015-07-25,94.67,10.5974
2015-07-26,87.72,10.5974
2015-07-27,89.04,10.5974
2015-07-28,100.63,10.4184
2015-07-29,95.95,10.4184
2015-07-30,95.67,10.2398
2015-07-31,96.67,10.2398
2015-08-01,94.99,10.2398
2015-08-02,93.93,10.0616
2015-08-03,89.77,10.0616
2015-08-04,87.72,10.0616
2015-08-05,90.61,9.8838
2015-08-06,81.78,9.8838
2015-08-07,81.78,9.8838
2015-08-08,80.5,9.7064
2015-08-09,73.79,9.7064
2015-08-10,75.78,9.7064
2015-08-11,65.85,9.5294
2015-08-12,64.56,9.5294
2015-08-13,73.83,9.3529
2015-08-14,67.31,9.3529
2015-08-15,61.33,9.3529
2015-08-16,62.45,9.1768
2015-08-17,62.29,9.1768
2015-08-18,57.29,9.1768
2015-08-19,54.76,9.0011
2015-08-20,47.0,9.0011
2015-08-21,53.54,9.0011
2015-08-22,51.46,9.0011
2015-08-23,52.19,8.8259
2015-08-24,48.92,8.8259
2015-08-25,46.49,8.6511
2015-08-26,47.54,8.6511
2015-08-27,45.25,8.4768
2015-08-28,43.45,8.4768
2015-08-29,49.42,8.303
2015-08-30,47.09,8.303
2015-08-31,47.21,8.303
2015-09-01,50.57,8.303
2015-09-02,45.71,8.1296
2015-09-03,49.96,8.1296
2015-09-04,53.16,8.8259
2015-09-05,53.23,7.9567
2015-09-06,52.77,7.9567
2015-09-07,49.14,7.9567
2015-09-08,54.15,8.8259
2015-09-09,57.76,26.1651
2015-09-10,72.67,10.5974
2015-09-11,93.06,10.9567
2015-09-12,135.49,9.8838
2015-09-13,181.79,9.7064
2015-09-14,206.56,9.3529
2015-09-15,182.79,9.0011
2015-09-16,168.9,8.8259
2015-09-17,164.19,8.8259
2015-09-18,158.78,8.6511
2015-09-19,142.57,8.4768
2015-09-20,123.82,8.303
2015-09-21,110.71,8.303
2015-09-22,105.69,8.303
2015-09-23,94.44,8.303
2015-09-24,79.69,8.1296
2015-09-25,69.28,8.1296
2015-09-26,68.35,7.9567
2015-09-27,62.56,7.9567
2015-09-28,57.78,8.1296
2015-09-29,58.12,8.1296
2015-09-30,56.06,8.4768
2015-10-01,51.61,8.303
2015-10-02,46.95,8.1296
2015-10-03,39.04,7.9567
2015-10-04,34.25,7.9567
2015-10-05,35.46,7.7843
2015-10-06,31.68,7.7843
2015-10-07,26.89,7.6124
2015-10-08,28.89,7.441
2015-10-09,25.89,7.441
2015-10-10,21.98,7.2701
2015-10-11,24.09,7.2701
2015-10-12,23.14,7.0997
2015-10-13,22.38,7.0997
2015-10-14,27.44,6.9299
2015-10-15,29.23,6.9299
2015-10-16,27.89,6.7606
2015-10-17,29.38,6.7606
2015-10-18,30.31,6.7606
2015-10-19,30.76,6.5919
2015-10-20,30.61,8.303
2015-10-21,29.93,7.9567
2015-10-22,32.78,7.9567
2015-10-23,30.78,7.9567
2015-10-24,35.87,7.7843
2015-10-25,31.78,6.9299
2015-10-26,30.22,6.7606
2015-10-27,29.78,7.2701
2015-10-28,37.78,9.7064
2015-10-29,46.98,7.6124
2015-10-30,43.67,7.0997
2015-10-31,46.89,6.9299
2015-11-01,43.89,6.7606
2015-11-02,39.33,10.0616
2015-11-03,40.89,9.3529
2015-11-04,40.75,7.7843
2015-11-05,49.05,7.441
2015-11-06,57.56,7.2701
2015-11-07,58.56,7.2701
2015-11-08,64.11,7.0997
2015-11-09,62.56,7.0997
2015-11-10,59.16,11.4984
2015-11-11,52.42,9.3529
2015-11-12,57.56,9.3529
2015-11-13,65.11,9.0011
2015-11-14,74.89,8.8259
2015-11-15,87.93,10.4184
2015-11-16,105.4,14.4416
2015-11-17,133.51,7.9567
2015-11-18,159.91,11.6797
2015-11-19,160.99,32.7013
2015-11-20,202.18,10.5974
2015-11-21,464.39,16.893
2015-11-22,467.39,12.2259
2015-11-23,317.24,11.8614
2015-11-24,369.41,11.8614
2015-11-25,402.28,11.6797
2015-11-26,375.61,11.4984
2015-11-27,266.17,11.4984
2015-11-28,237.87,11.3174
2015-11-29,244.89,10.9567
2015-11-30,213.95,10.5974
2015-12-01,162.06,10.4184
2015-12-02,143.67,12.0435
2015-12-03,159.79,38.1595
2015-12-04,219.28,18.6166
2015-12-05,230.0,15.0028
2015-12-06,273.75,13.6977
2015-12-07,375.83,15.1905
2015-12-08,502.22,22.2994
2015-12-09,581.86,16.893
2015-12-10,563.42,17.6672
2015-12-11,571.7,22.8045
2015-12-12,574.87,26.6937
2015-12-13,539.78,50.3961
2015-12-14,432.17,24.0814
2015-12-15,373.83,19.58
2015-12-16,403.0,20.3116
2015-12-17,500.22,18.6166
2015-12-18,522.0,17.9032
2015-12-19,459.02,21.5477
2015-12-20,417.28,18.1401
2015-12-21,383.63,17.0836
2015-12-22,345.89,15.1905
2015-12-23,317.35,14.069
2015-12-24,266.89,14.2551
2015-12-25,228.93,13.8832
2015-12-26,197.06,15.0028
2015-12-27,176.53,14.2551
2015-12-28,186.25,14.6283
2015-12-29,181.39,15.5667
2015-12-30,203.72,15.0028
2015-12-31,239.33,14.6283
2016-01-01,259.78,14.4416
2016-01-02,280.22,16.893
2016-01-03,293.81,39.6352
2016-01-04,322.97,16.5126
2016-01-05,323.97,16.7026
2016-01-06,293.69,15.5667
2016-01-07,319.44,15.1905
2016-01-08,338.89,15.0028
2016-01-09,348.61,17.0836
2016-01-10,320.44,15.7553
2016-01-11,280.0,40.5282
2016-01-12,329.78,29.654
2016-01-13,446.44,25.902
2016-01-14,591.28,28.5673
2016-01-15,638.89,40.2299
2016-01-16,742.91,36.9905
2016-01-17,922.44,73.5679
2016-01-18,1416.11,66.6527
2016-01-19,1922.19,33.8303
2016-01-20,2473.39,49.4452
2016-01-21,2945.98,98.2787
2016-01-22,3134.21,63.9044
2016-01-23,2966.34,46.0035
2016-01-24,2377.36,36.1207
2016-01-25,1820.88,29.654
2016-01-26,1479.64,30.2017
2016-01-27,1316.2,29.3812
2016-01-28,1280.45,52.9567
2016-01-29,1369.55,83.0236
2016-01-30,1371.63,34.3988
2016-01-31,1341.96,34.9701
2016-02-01,1262.51,30.4766
2016-02-02,1176.51,28.8379
2016-02-03,1052.78,27.7599
2016-02-04,982.68,25.6396
2016-02-05,851.53,24.3392
2016-02-06,721.44,23.3129
2016-02-07,656.5,24.0814
2016-02-08,624.3,23.0583
2016-02-09,578.25,22.8045
2016-02-10,512.78,22.2994
2016-02-11,496.76,22.048
2016-02-12,483.88,22.048
2016-02-13,458.47,23.5683
2016-02-14,402.77,21.7975
2016-02-15,388.99,21.0508
2016-02-16,395.98,20.0669
2016-02-17,401.32,19.3378
2016-02-18,382.1,18.8561
2016-02-19,382.33,18.6166
2016-02-20,381.67,18.3779
2016-02-21,442.32,17.9032
2016-02-22,466.38,17.9032
2016-02-23,481.92,19.3378
2016-02-24,448.45,20.8035
2016-02-25,438.95,20.8035
2016-02-26,420.84,19.0965
2016-02-27,417.17,19.58
2016-02-28,409.07,21.2988
2016-02-29,433.87,22.5515
2016-03-01,460.57,34.3988
2016-03-02,464.92,29.1092
2016-03-03,478.22,24.0814
2016-03-04,605.85,23.8245
2016-03-05,745.12,23.5683
2016-03-06,823.98,23.3129
2016-03-07,742.19,22.8045
2016-03-08,614.66,22.5515
2016-03-09,618.56,22.048
2016-03-10,571.16,21.2988
2016-03-11,547.94,20.5571
2016-03-12,502.53,20.0669
2016-03-13,461.2,48.1855
2016-03-14,474.95,24.0814
2016-03-15,514.37,22.2994
2016-03-16,553.37,21.0508
2016-03-17,545.0,20.8035
2016-03-18,435.84,20.3116
2016-03-19,377.92,20.0669
2016-03-20,320.44,19.58
2016-03-21,277.14,18.8561
2016-03-22,263.83,18.3779
2016-03-23,256.32,17.9032
2016-03-24,260.95,17.6672
2016-03-25,276.69,21.7975
2016-03-26,294.3,20.8035
2016-03-27,331.45,20.3116
2016-03-28,345.14,19.58
2016-03-29,369.39,19.3378
2016-03-30,401.13,18.6166
2016-03-31,432.89,18.1401
2016-04-01,405.7,17.4656
2016-04-02,367.62,17.0836
2016-04-03,330.33,16.893
2016-04-04,290.68,16.5126
2016-04-05,263.59,16.5126
2016-04-06,241.93,16.3228
2016-04-07,225.93,16.1334
2016-04-08,216.36,15.9442
2016-04-09,201.61,15.9442
2016-04-10,192.82,15.7553
2016-04-11,187.84,15.5667
2016-04-12,179.26,15.5667
2016-04-13,172.93,15.3784
2016-04-14,172.92,15.1905
2016-04-15,172.91,15.0028
2016-04-16,168.58,14.8154
2016-04-17,168.63,14.8154
2016-04-18,165.22,14.6283
2016-04-19,172.9,14.6283
2016-04-20,172.93,14.4416
2016-04-21,164.17,14.2551
2016-04-22,164.06,14.069
2016-04-23,164.04,13.8832
2016-04-24,164.02,13.8832
2016-04-25,156.63,13.6977
2016-04-26,156.62,13.6977
2016-04-27,156.59,13.5125
2016-04-28,156.56,13.5125
2016-04-29,156.4,13.8832
2016-04-30,155.67,13.5125
2016-05-01,160.69,13.5125
2016-05-02,170.41,13.5125
2016-05-03,170.39,13.3277
2016-05-04,177.79,13.3277
2016-05-05,191.24,13.3277
2016-05-06,182.59,13.1432
2016-05-07,167.78,13.1432
2016-05-08,160.36,13.1432
2016-05-09,160.42,12.9591
2016-05-10,153.07,12.9591
2016-05-11,153.06,12.7752
2016-05-12,152.89,12.7752
2016-05-13,152.68,12.7752
2016-05-14,152.59,12.5918
2016-05-15,145.92,12.5918
2016-05-16,144.34,12.5918
2016-05-17,147.86,12.4086
2016-05-18,144.3,12.4086
2016-05-19,137.01,12.4086
2016-05-20,121.66,12.2259
2016-05-21,122.87,12.2259
2016-05-22,120.08,12.2259
2016-05-23,121.81,12.0435
2016-05-24,117.09,12.0435
2016-05-25,113.81,12.0435
2016-05-26,111.16,11.8614
2016-05-27,115.11,11.8614
2016-05-28,127.56,11.8614
2016-05-29,114.92,11.6797
2016-05-30,105.47,11.6797
2016-05-31,104.96,11.6797
2016-06-01,100.1,11.4984
2016-06-02,101.34,14.4416
2016-06-03,100.98,22.5515
2016-06-04,106.36,16.3228
2016-06-05,114.09,14.2551
2016-06-06,150.98,13.5125
2016-06-07,204.46,12.7752
2016-06-08,250.85,12.5918
2016-06-09,235.53,12.2259
2016-06-10,203.63,11.8614
2016-06-11,176.98,11.8614
2016-06-12,175.29,11.6797
2016-06-13,159.59,11.6797
2016-06-14,136.99,11.4984
2016-06-15,113.9,11.4984
2016-06-16,109.25,11.4984
2016-06-17,109.69,11.3174
2016-06-18,109.7,11.3174
2016-06-19,100.26,11.3174
2016-06-20,98.67,11.1369
2016-06-21,91.48,11.1369
2016-06-22,92.58,11.1369
2016-06-23,95.25,10.9567
2016-06-24,95.2,10.9567
2016-06-25,94.44,10.9567
2016-06-26,91.61,10.9567
2016-06-27,99.48,10.7769
2016-06-28,99.5,10.7769
2016-06-29,95.28,10.7769
2016-06-30,95.82,10.7769
2016-07-01,87.27,10.5974
2016-07-02,80.19,10.5974
2016-07-03,81.03,10.5974
2016-07-04,78.12,10.5974
2016-07-05,78.45,10.4184
2016-07-06,73.63,10.4184
2016-07-07,78.73,10.4184
2016-07-08,78.07,10.2398
2016-07-09,81.07,10.2398
2016-07-10,77.57,10.2398
2016-07-11,73.28,10.0616
2016-07-12,71.72,10.0616
2016-07-13,67.94,9.8838
2016-07-14,67.21,9.8838
2016-07-15,72.43,9.7064
2016-07-16,74.84,9.7064
2016-07-17,79.35,9.7064
2016-07-18,79.67,9.5294
2016-07-19,80.04,9.5294
2016-07-20,80.16,9.5294
2016-07-21,75.62,9.5294
2016-07-22,73.44,9.5294
2016-07-23,75.94,9.3529
2016-07-24,73.66,9.3529
2016-07-25,73.75,9.3529
2016-07-26,75.36,9.3529
2016-07-27,74.18,9.3529
2016-07-28,75.36,9.1768
2016-07-29,72.18,9.1768
2016-07-30,78.57,9.1768
2016-07-31,78.5,9.1768
2016-08-01,69.18,9.1768
2016-08-02,64.63,9.0011
2016-08-03,61.07,9.0011
2016-08-04,68.22,9.0011
2016-08-05,68.91,9.0011
2016-08-06,62.73,8.8259
2016-08-07,63.68,8.8259
2016-08-08,62.53,8.8259
2016-08-09,64.89,8.8259
2016-08-10,66.09,8.6511
2016-08-11,63.25,8.6511
2016-08-12,62.71,8.6511
2016-08-13,64.62,8.6511
2016-08-14,57.14,8.4768
2016-08-15,58.96,8.4768
2016-08-16,57.0,8.8259
2016-08-17,57.49,8.6511
2016-08-18,57.12,8.4768
2016-08-19,57.14,8.303
2016-08-20,58.13,8.303
2016-08-21,62.92,8.303
2016-08-22,59.38,8.303
2016-08-23,58.43,8.303
2016-08-24,56.77,8.303
2016-08-25,53.71,8.1296
2016-08-26,47.5,8.1296
2016-08-27,47.46,8.1296
2016-08-28,38.49,8.1296
2016-08-29,40.27,8.1296
2016-08-30,42.83,7.9567
2016-08-31,37.48,7.9567
2016-09-01,34.25,7.9567
2016-09-02,35.54,8.4768
2016-09-03,33.74,8.303
2016-09-04,36.23,7.9567
2016-09-05,28.39,7.9567
2016-09-06,25.67,7.9567
2016-09-07,26.63,7.9567
2016-09-08,31.77,7.7843
2016-09-09,32.93,7.7843
2016-09-10,27.37,7.6124
2016-09-11,26.22,7.6124
2016-09-12,23.33,7.6124
2016-09-13,25.44,7.441
2016-09-14,25.85,7.441
2016-09-15,25.89,7.441
2016-09-16,30.75,7.2701
2016-09-17,38.37,7.2701
2016-09-18,41.52,7.2701
2016-09-19,46.2,7.2701
2016-09-20,42.6,7.7843
2016-09-21,41.02,7.2701
2016-09-22,37.67,7.2701
2016-09-23,51.53,7.2701
2016-09-24,57.88,7.2701
2016-09-25,47.0,7.0997
2016-09-26,47.85,7.0997
2016-09-27,54.7,7.0997
2016-09-28,59.41,7.0997
2016-09-29,49.34,7.0997
2016-09-30,49.96,6.9299
2016-10-01,46.25,6.9299
2016-10-02,50.79,7.0997
2016-10-03,92.58,7.6124
2016-10-04,179.87,9.8838
2016-10-05,237.91,8.8259
2016-10-06,208.47,7.7843
2016-10-07,137.77,7.2701
2016-10-08,144.52,7.0997
2016-10-09,150.82,6.9299
2016-10-10,134.31,7.2701
2016-10-11,131.38,7.6124
2016-10-12,111.57,8.1296
2016-10-13,77.16,15.7553
2016-10-14,46.26,10.5974
2016-10-15,39.47,9.0011
2016-10-16,43.56,8.1296
2016-10-17,55.43,7.6124
2016-10-18,69.46,7.441
2016-10-19,91.5,7.441
2016-10-20,89.8,7.2701
2016-10-21,73.09,9.1768
2016-10-22,41.17,9.7064
2016-10-23,28.84,8.4768
2016-10-24,22.62,8.1296
2016-10-25,22.35,7.9567
2016-10-26,35.65,7.7843
2016-10-27,49.27,7.7843
2016-10-28,64.46,7.6124
2016-10-29,48.94,7.6124
2016-10-30,41.53,7.441
2016-10-31,36.84,7.441
2016-11-01,32.07,7.441
2016-11-02,43.6,7.2701
2016-11-03,42.54,7.2701
2016-11-04,37.39,7.2701
2016-11-05,32.16,7.9567
2016-11-06,32.87,7.441
2016-11-07,27.8,7.0997
2016-11-08,32.6,7.0997
2016-11-09,65.21,8.303
2016-11-10,118.46,7.441
2016-11-11,131.51,7.0997
2016-11-12,126.08,7.441
2016-11-13,125.76,8.303
2016-11-14,236.72,14.069
2016-11-15,292.02,17.2744
2016-11-16,403.07,14.069
2016-11-17,467.54,11.4984
2016-11-18,696.71,9.7064
2016-11-19,874.96,9.5294
2016-11-20,786.88,9.5294
2016-11-21,671.85,9.3529
2016-11-22,597.09,10.2398
2016-11-23,513.02,9.7064
2016-11-24,456.93,9.1768
2016-11-25,408.31,9.0011
2016-11-26,350.2,9.1768
2016-11-27,318.04,9.7064
2016-11-28,306.75,11.4984
2016-11-29,323.45,9.8838
2016-11-30,322.17,9.5294
2016-12-01,310.6,8.6511
2016-12-02,283.04,8.1296
2016-12-03,279.05,7.9567
2016-12-04,306.84,50.3961
2016-12-05,362.17,29.3812
2016-12-06,482.2,19.823
2016-12-07,532.83,16.5126
2016-12-08,648.19,21.7975
2016-12-09,821.32,34.6841
2016-12-10,791.87,63.9044
2016-12-11,675.86,33.2644
2016-12-12,617.7,32.4208
2016-12-13,674.99,23.8245
2016-12-14,815.36,21.5477
2016-12-15,1138.75,20.3116
2016-12-16,1653.75,20.8035
2016-12-17,1410.03,19.0965
2016-12-18,1120.01,17.4656
2016-12-19,974.74,16.7026
2016-12-20,800.72,15.5667
2016-12-21,731.99,14.4416
2016-12-22,659.9,13.8832
2016-12-23,599.38,13.3277
2016-12-24,529.69,12.5918
2016-12-25,429.83,12.5918
2016-12-26,389.6,12.5918
2016-12-27,361.78,12.2259
2016-12-28,340.9,12.0435
2016-12-29,343.03,11.8614
2016-12-30,329.39,11.4984
2016-12-31,305.66,11.3174
2017-01-01,283.67,11.1369
2017-01-02,290.77,11.1369
2017-01-03,273.41,10.9567
2017-01-04,233.13,12.4086
2017-01-05,233.13,16.1334
2017-01-06,232.44,13.3277
2017-01-07,230.81,11.6797
2017-01-08,230.81,11.1369
2017-01-09,224.33,10.9567
2017-01-10,217.85,12.0435
2017-01-11,230.81,11.3174
2017-01-12,286.83,11.3174
2017-01-13,353.96,12.0435
2017-01-14,452.11,12.2259
2017-01-15,630.28,16.1334
2017-01-16,824.72,19.58
2017-01-17,691.78,23.0583
2017-01-18,550.2,30.7522
2017-01-19,499.65,20.3116
2017-01-20,479.5,18.8561
2017-01-21,460.41,17.4656
2017-01-22,439.23,16.3228
2017-01-23,408.49,15.9442
2017-01-24,378.68,15.7553
2017-01-25,348.46,33.2644
2017-01-26,314.9,17.4656
2017-01-27,268.08,17.0836
2017-01-28,227.57,16.5126
2017-01-29,214.38,16.1334
2017-01-30,229.89,15.5667
2017-01-31,272.61,15.0028
2017-02-01,335.0,14.8154
2017-02-02,368.52,14.6283
2017-02-03,383.95,15.1905
2017-02-04,430.34,56.5362
2017-02-05,554.23,33.547
2017-02-06,733.86,29.654
2017-02-07,789.3,26.1651
2017-02-08,802.87,23.5683
2017-02-09,738.74,22.2994
2017-02-10,698.7,22.048
2017-02-11,640.83,21.5477
2017-02-12,531.92,20.8035
2017-02-13,421.67,19.58
2017-02-14,359.06,18.1401
2017-02-15,296.56,16.3228
2017-02-16,261.83,15.9442
2017-02-17,244.17,15.5667
2017-02-18,223.36,15.5667
2017-02-19,210.05,15.1905
2017-02-20,193.68,15.0028
2017-02-21,180.78,14.6283
2017-02-22,166.89,14.6283
2017-02-23,177.78,14.069
2017-02-24,192.67,13.8832
2017-02-25,220.44,13.6977
2017-02-26,216.44,13.6977
2017-02-27,248.44,13.5125
2017-02-28,262.44,13.5125
2017-03-01,262.44,14.069
2017-03-02,262.44,13.5125
2017-03-03,261.44,13.3277
2017-03-04,226.72,13.3277
2017-03-05,293.85,13.3277
2017-03-06,259.01,13.1432
2017-03-07,259.13,13.1432
2017-03-08,272.58,14.2551
2017-03-09,242.8,14.6283
2017-03-10,261.44,14.4416
2017-03-11,226.72,14.2551
2017-03-12,232.72,14.2551
2017-03-13,206.83,14.069
2017-03-14,202.89,13.8832
2017-03-15,209.83,13.8832
2017-03-16,202.89,13.6977
2017-03-17,192.0,13.5125
2017-03-18,192.0,13.5125
2017-03-19,212.83,13.3277
2017-03-20,239.61,13.1432
2017-03-21,261.44,12.9591
2017-03-22,260.44,13.5125
2017-03-23,292.17,12.7752
2017-03-24,292.17,12.5918
2017-03-25,292.17,12.2259
2017-03-26,257.44,12.0435
2017-03-27,247.56,11.8614
2017-03-28,222.72,11.8614
2017-03-29,187.17,13.3277
2017-03-30,168.39,12.0435
2017-03-31,161.44,11.8614
2017-04-01,168.39,11.8614
2017-04-02,161.44,11.4984
2017-04-03,168.39,11.3174
2017-04-04,160.44,11.3174
2017-04-05,144.56,11.1369
2017-04-06,145.56,11.1369
2017-04-07,145.56,10.9567
2017-04-08,148.56,10.9567
2017-04-09,147.56,10.9567
2017-04-10,148.56,10.7769
2017-04-11,147.56,11.1369
2017-04-12,148.56,10.7769
2017-04-13,150.75,10.7769
2017-04-14,137.44,10.5974
2017-04-15,130.79,10.5974
2017-04-16,137.5,10.5974
2017-04-17,128.42,10.4184
2017-04-18,127.72,10.4184
2017-04-19,134.67,10.4184
2017-04-20,132.83,10.5974
2017-04-21,135.89,10.4184
2017-04-22,135.89,10.2398
2017-04-23,122.0,10.2398
2017-04-24,119.34,10.2398
2017-04-25,107.14,10.2398
2017-04-26,109.43,10.0616
2017-04-27,102.17,11.1369
2017-04-28,127.94,10.9567
2017-04-29,126.94,10.5974
2017-04-30,141.83,10.2398
2017-05-01,162.67,10.2398
2017-05-02,169.27,10.2398
2017-05-03,172.08,10.0616
2017-05-04,164.44,10.0616
2017-05-05,151.13,9.8838
2017-05-06,144.15,10.9567
2017-05-07,141.83,13.8832
2017-05-08,140.83,10.9567
2017-05-09,140.83,10.2398
2017-05-10,153.78,10.0616
2017-05-11,171.72,10.0616
2017-05-12,170.72,9.8838
2017-05-13,150.89,9.8838
2017-05-14,143.94,9.8838
2017-05-15,130.06,9.8838
2017-05-16,120.06,9.7064
2017-05-17,115.37,9.8838
2017-05-18,113.75,9.7064
2017-05-19,111.22,9.7064
2017-05-20,118.17,10.4184
2017-05-21,176.62,9.8838
2017-05-22,176.73,9.7064
2017-05-23,170.13,9.5294
2017-05-24,189.93,9.5294
2017-05-25,236.22,9.5294
2017-05-26,243.17,9.5294
2017-05-27,264.0,9.3529
2017-05-28,250.11,9.3529
2017-05-29,229.28,9.3529
2017-05-30,183.67,9.3529
2017-05-31,177.72,9.1768
2017-06-01,162.93,9.1768
2017-06-02,129.68,9.1768
2017-06-03,108.0,9.1768
2017-06-04,96.35,9.1768
2017-06-05,84.12,9.0011
2017-06-06,83.97,9.0011
2017-06-07,75.11,9.0011
2017-06-08,77.56,9.0011
2017-06-09,75.43,9.0011
2017-06-10,77.44,8.8259
2017-06-11,77.21,8.8259
2017-06-12,64.63,8.8259
2017-06-13,52.78,8.8259
2017-06-14,57.29,9.3529
2017-06-15,59.28,8.8259
2017-06-16,53.44,8.8259
2017-06-17,54.42,8.8259
2017-06-18,52.1,8.8259
2017-06-19,59.39,8.8259
2017-06-20,65.93,8.6511
2017-06-21,65.93,8.6511
2017-06-22,62.36,8.6511
2017-06-23,67.84,8.6511
2017-06-24,64.56,8.6511
2017-06-25,69.07,8.4768
2017-06-26,65.44,8.4768
2017-06-27,51.78,8.4768
2017-06-28,43.52,8.4768
2017-06-29,31.83,8.4768
2017-06-30,31.49,8.303
2017-07-01,29.4,8.303
2017-07-02,28.67,8.303
2017-07-03,32.05,8.303
2017-07-04,31.19,8.303
2017-07-05,27.33,8.303
2017-07-06,27.33,8.1296
2017-07-07,27.8,8.1296
2017-07-08,28.16,8.1296
2017-07-09,28.56,8.1296
2017-07-10,35.67,8.1296
2017-07-11,23.63,8.1296
2017-07-12,22.17,8.1296
2017-07-13,26.19,8.4768
2017-07-14,23.51,9.0011
2017-07-15,24.25,8.303
2017-07-16,19.85,8.1296
2017-07-17,27.33,7.9567
2017-07-18,21.31,7.9567
2017-07-19,18.07,7.9567
2017-07-20,16.76,7.9567
2017-07-21,17.22,7.9567
2017-07-22,15.6,7.9567
2017-07-23,20.23,7.7843
2017-07-24,,7.7843
2017-07-25,,7.7843
2017-07-26,,7.6124
2017-07-27,,7.6124
2017-07-28,,7.6124
2017-07-29,,7.6124
2017-07-30,,7.441
2017-07-31,,7.441
2017-08-01,,7.441
2017-08-02,,7.441
2017-08-03,,7.441
2017-08-04,,7.441
2017-08-05,,7.441
2017-08-06,,7.441
2017-08-07,,7.441
2017-08-08,24.16,7.2701
2017-08-09,24.16,7.2701
2017-08-10,25.16,7.2701
2017-08-11,19.37,7.2701
2017-08-12,25.16,7.2701
2017-08-13,25.16,7.2701
2017-08-14,25.16,7.0997
2017-08-15,26.16,7.0997
2017-08-16,27.16,7.0997
2017-08-17,27.16,7.0997
2017-08-18,32.94,7.0997
2017-08-19,51.31,7.0997
2017-08-20,51.31,7.0997
2017-08-21,42.28,7.0997
2017-08-22,25.61,7.0997
2017-08-23,17.81,7.0997
2017-08-24,16.89,7.0997
2017-08-25,19.83,7.0997
2017-08-26,13.48,7.0997
2017-08-27,18.11,7.0997
2017-08-28,12.09,7.0997
2017-08-29,14.5,7.0997
2017-08-30,9.7,7.0997
2017-08-31,13.1,6.9299
2017-09-01,10.55,6.7606
2017-09-02,12.47,6.7606
2017-09-03,11.62,6.7606
2017-09-04,9.61,6.7606
2017-09-05,11.93,6.5919
2017-09-06,16.09,6.5919
2017-09-07,17.56,6.5919
2017-09-08,7.68,6.4237
2017-09-09,6.75,6.4237
2017-09-10,9.91,6.4237
2017-09-11,7.52,6.4237
2017-09-12,0.11,6.4237
2017-09-13,0.67,6.4237
2017-09-14,7.67,6.4237
2017-09-15,5.56,6.4237
2017-09-16,7.94,6.4237
2017-09-17,10.26,6.4237
2017-09-18,4.56,6.4237
2017-09-19,4.56,6.2561
2017-09-20,0.11,6.2561
2017-09-21,4.56,6.0891
2017-09-22,5.56,6.0891
2017-09-23,1.0,6.0891
2017-09-24,8.56,6.0891
2017-09-25,6.39,6.2561
2017-09-26,4.15,6.2561
2017-09-27,7.0,6.4237
2017-09-28,4.44,6.7606
2017-09-29,12.56,7.0997
2017-09-30,1.44,7.441
2017-10-01,8.0,7.9567
2017-10-02,9.0,9.8838
2017-10-03,8.0,11.6797
2017-10-04,4.06,10.4184
2017-10-05,8.4,8.6511
2017-10-06,4.0,7.6124
2017-10-07,4.0,6.7606
2017-10-08,5.0,6.0891
2017-10-09,0.44,4.7755
2017-10-10,0.44,4.7755
2017-10-11,3.33,4.7755
2017-10-12,3.33,4.7755
2017-10-13,2.14,4.1353
2017-10-14,2.21,4.1353
2017-10-15,2.44,4.1353
2017-10-16,2.44,4.1353
2017-10-17,4.44,4.1353
2017-10-18,2.67,4.1353
2017-10-19,5.91,4.1353
2017-10-20,6.6,4.1353
2017-10-21,15.86,4.1353
2017-10-22,16.09,4.1353
2017-10-23,17.48,4.1353
2017-10-24,16.09,4.7755
2017-10-25,15.44,4.4539
2017-10-26,15.57,4.4539
2017-10-27,19.1,5.0999
2017-10-28,16.64,17.6672
2017-10-29,19.11,12.2259
2017-10-30,17.27,10.0616
2017-10-31,18.56,22.5515
2017-11-01,24.97,10.5974
2017-11-02,30.14,7.2701
2017-11-03,33.84,6.2561
2017-11-04,44.64,6.2561
2017-11-05,60.23,6.2561
2017-11-06,68.94,5.4271
2017-11-07,60.22,15.3784
2017-11-08,50.5,9.3529
2017-11-09,46.64,7.2701
2017-11-10,42.78,6.5919
2017-11-11,42.78,7.7843
2017-11-12,47.64,7.2701
2017-11-13,47.5,6.2561
2017-11-14,47.56,6.2561
2017-11-15,52.5,5.7568
2017-11-16,58.83,5.4271
2017-11-17,75.14,5.4271
2017-11-18,80.0,6.2561
2017-11-19,128.61,12.0435
2017-11-20,152.92,20.3116
2017-11-21,201.53,11.1369
2017-11-22,254.14,53.2794
2017-11-23,300.75,27.2253
2017-11-24,372.67,25.1171
2017-11-25,419.28,22.5515
2017-11-26,467.89,18.8561
2017-11-27,463.03,13.8832
2017-11-28,474.75,11.6797
2017-11-29,479.15,15.1905
2017-11-30,351.68,21.5477
2017-12-01,418.55,51.3521
2017-12-02,772.13,62.7443
2017-12-03,1075.37,70.6791
2017-12-04,1236.15,42.0292
2017-12-05,1279.44,52.3132
2017-12-06,1391.5,81.2619
2017-12-07,1419.76,38.4533
2017-12-08,1414.33,18.1401
2017-12-09,1290.65,18.1401
2017-12-10,1080.0,17.0836
2017-12-11,967.89,16.3228
2017-12-12,868.35,15.1905
2017-12-13,745.67,14.069
2017-12-14,633.56,12.4086
2017-12-15,578.0,11.6797
2017-12-16,534.02,11.6797
2017-12-17,500.22,10.7769
2017-12-18,433.56,11.4984
2017-12-19,352.78,11.6797
2017-12-20,275.39,11.6797
2017-12-21,270.76,11.6797
2017-12-22,270.76,11.6797
2017-12-23,270.76,11.6797
2017-12-24,250.61,11.6797
2017-12-25,245.98,11.6797
2017-12-26,246.67,11.6797
2017-12-27,253.61,11.6797
2017-12-28,251.3,11.6797
2017-12-29,246.67,15.9442
2017-12-30,251.3,17.2744
2017-12-31,253.61,15.3784
2018-01-01,291.11,15.0028
2018-01-02,378.15,14.4416
2018-01-03,415.65,13.5125
2018-01-04,424.91,28.5673
2018-01-05,474.83,44.4628
2018-01-06,541.96,35.544
2018-01-07,692.43,34.3988
2018-01-08,896.52,33.8303
2018-01-09,1099.76,32.7013
2018-01-10,1223.83,24.857
2018-01-11,1176.54,20.5571
2018-01-12,1083.94,18.6166
2018-01-13,920.91,22.048
2018-01-14,771.44,42.0292
2018-01-15,695.44,31.5834
2018-01-16,571.83,34.9701
2018-01-17,519.91,21.2988
2018-01-18,473.15,18.1401
2018-01-19,449.98,16.3228
2018-01-20,397.67,15.5667
2018-01-21,363.64,14.2551
2018-01-22,367.34,13.8832
2018-01-23,373.82,13.5125
2018-01-24,315.95,16.3228
2018-01-25,277.76,19.3378
2018-01-26,249.52,15.1905
2018-01-27,253.61,13.5125
2018-01-28,268.96,14.2551
2018-01-29,287.41,14.2551
2018-01-30,317.5,22.048
2018-01-31,359.63,14.8154
2018-02-01,406.39,13.5125
2018-02-02,478.15,22.048
2018-02-03,541.96,24.0814
2018-02-04,671.48,22.048
2018-02-05,693.74,20.0669
2018-02-06,755.04,20.5571
2018-02-07,757.13,31.8618
2018-02-08,754.04,20.5571
2018-02-09,756.13,18.6166
2018-02-10,759.87,20.8035
2018-02-11,754.04,19.3378
2018-02-12,689.11,16.3228
2018-02-13,614.92,15.5667
2018-02-14,558.6,14.8154
2018-02-15,553.85,14.2551
2018-02-16,487.29,13.5125
2018-02-17,494.47,12.7752
2018-02-18,461.94,12.4086
2018-02-19,425.06,33.547
2018-02-20,450.53,22.5515
2018-02-21,496.67,16.7026
2018-02-22,622.98,19.3378
2018-02-23,704.0,16.3228
2018-02-24,796.59,14.8154
2018-02-25,847.44,16.3228
2018-02-26,902.15,17.9032
2018-02-27,802.54,18.6166
2018-02-28,777.54,18.6166
2018-03-01,786.87,32.7013
2018-03-02,787.87,20.0669
2018-03-03,758.24,18.1401
2018-03-04,787.38,15.0028
2018-03-05,801.71,15.0028
2018-03-06,801.71,15.0028
2018-03-07,755.93,70.6791
2018-03-08,709.21,46.9351
2018-03-09,790.48,29.654
2018-03-10,981.75,26.4291
2018-03-11,1161.51,24.3392
2018-03-12,1282.64,22.048
2018-03-13,1129.91,19.3378
2018-03-14,1024.83,17.6672
2018-03-15,920.72,16.7026
2018-03-16,804.06,15.0028
2018-03-17,722.78,14.8154
2018-03-18,676.74,14.2551
2018-03-19,614.81,14.2551
2018-03-20,605.27,14.2551
2018-03-21,589.87,13.3277
2018-03-22,541.38,13.1432
2018-03-23,496.81,12.4086
2018-03-24,471.2,11.8614
2018-03-25,462.94,11.6797
2018-03-26,447.67,11.6797
2018-03-27,425.44,12.0435
2018-03-28,379.97,11.8614
2018-03-29,327.6,11.6797
2018-03-30,287.28,11.6797
2018-03-31,294.8,11.6797
2018-04-01,291.98,11.6797
2018-04-02,294.77,11.8614
2018-04-03,313.48,12.2259
2018-04-04,317.09,12.0435
2018-04-05,357.34,11.6797
2018-04-06,386.67,11.6797
2018-04-07,391.56,11.3174
2018-04-08,362.95,11.3174
2018-04-09,323.12,11.3174
2018-04-10,277.0,11.1369
2018-04-11,256.03,10.7769
2018-04-12,225.41,10.4184
2018-04-13,201.7,10.7769
2018-04-14,211.84,11.1369
2018-04-15,224.41,11.3174
2018-04-16,233.02,12.5918
2018-04-17,237.6,12.5918
2018-04-18,234.51,12.2259
2018-04-19,227.13,12.2259
2018-04-20,217.04,11.8614
2018-04-21,207.37,11.6797
2018-04-22,199.32,11.3174
2018-04-23,196.67,11.3174
2018-04-24,188.33,11.3174
2018-04-25,163.33,11.3174
2018-04-26,138.33,10.9567
2018-04-27,147.82,10.7769
2018-04-28,148.52,10.0616
2018-04-29,139.95,9.8838
2018-04-30,139.95,9.8838
2018-05-01,122.8,9.8838
2018-05-02,131.32,9.8838
2018-05-03,131.41,10.0616
2018-05-04,130.46,10.2398
2018-05-05,139.95,9.8838
2018-05-06,131.39,9.8838
2018-05-07,130.82,9.7064
2018-05-08,117.13,10.0616
2018-05-09,113.0,9.8838
2018-05-10,122.0,9.8838
2018-05-11,122.0,10.5974
2018-05-12,122.0,10.9567
2018-05-13,122.0,11.4984
2018-05-14,122.0,11.6797
2018-05-15,122.0,11.6797
2018-05-16,127.44,12.5918
2018-05-17,126.87,14.6283
2018-05-18,126.87,14.8154
2018-05-19,126.87,15.3784
2018-05-20,127.44,15.5667
2018-05-21,124.87,14.4416
2018-05-22,116.31,13.3277
2018-05-23,106.61,11.6797
2018-05-24,103.98,9.8838
2018-05-25,114.59,9.8838
2018-05-26,106.68,9.8838
2018-05-27,104.07,9.8838
2018-05-28,120.05,9.7064
2018-05-29,118.48,9.5294
2018-05-30,101.35,9.5294
2018-05-31,103.67,9.5294
2018-06-01,103.67,9.5294
2018-06-02,107.33,9.5294
2018-06-03,115.33,9.5294
2018-06-04,106.03,9.5294
2018-06-05,104.22,9.5294
2018-06-06,104.27,9.3529
2018-06-07,112.79,9.1768
2018-06-08,112.79,9.1768
2018-06-09,112.68,9.1768
2018-06-10,112.89,9.1768
2018-06-11,112.79,9.1768
2018-06-12,112.79,9.0011
2018-06-13,110.71,9.0011
2018-06-14,108.65,8.8259
2018-06-15,108.81,8.8259
2018-06-16,101.06,8.8259
2018-06-17,100.94,8.8259
2018-06-18,101.1,8.8259
2018-06-19,101.13,8.4768
2018-06-20,92.69,8.303
2018-06-21,81.99,8.1296
2018-06-22,79.41,8.1296
2018-06-23,78.82,8.1296
2018-06-24,73.25,8.1296
2018-06-25,73.27,8.1296
2018-06-26,65.47,8.1296
2018-06-27,65.7,8.1296
2018-06-28,65.48,8.1296
2018-06-29,66.69,8.1296
2018-06-30,66.34,8.1296
2018-07-01,61.62,8.1296
2018-07-02,69.71,8.1296
2018-07-03,64.62,8.1296
2018-07-04,66.7,8.1296
2018-07-05,64.53,8.1296
2018-07-06,64.59,8.1296
2018-07-07,59.99,8.1296
2018-07-08,59.83,8.1296
2018-07-09,60.06,8.1296
2018-07-10,51.85,7.9567
2018-07-11,49.36,7.9567
2018-07-12,52.83,7.7843
2018-07-13,53.14,7.7843
2018-07-14,54.91,7.7843
2018-07-15,62.78,7.7843
2018-07-16,48.27,7.7843
2018-07-17,48.5,7.6124
2018-07-18,44.11,7.6124
2018-07-19,50.36,7.6124
2018-07-20,46.65,7.6124
2018-07-21,48.5,7.6124
2018-07-22,48.28,7.441
2018-07-23,49.49,7.441
2018-07-24,56.94,7.441
2018-07-25,57.12,7.441
2018-07-26,54.95,7.441
2018-07-27,45.97,7.441
2018-07-28,36.84,7.441
2018-07-29,37.72,7.441
2018-07-30,37.95,7.2701
2018-07-31,37.73,7.441
2018-08-01,37.93,7.441
2018-08-02,37.84,7.7843
2018-08-03,38.72,8.1296
2018-08-04,38.95,8.1296
2018-08-05,46.36,8.1296
2018-08-06,46.59,8.1296
2018-08-07,47.45,8.1296
2018-08-08,39.76,8.1296
2018-08-09,47.56,8.1296
2018-08-10,47.36,8.1296
2018-08-11,55.23,8.1296
2018-08-12,51.02,7.9567
2018-08-13,55.2,7.7843
2018-08-14,56.09,7.7843
2018-08-15,56.06,7.6124
2018-08-16,56.18,7.6124
2018-08-17,53.0,7.441
2018-08-18,51.23,7.441
2018-08-19,51.0,7.441
2018-08-20,51.23,7.441
2018-08-21,52.04,7.2701
2018-08-22,52.16,7.0997
2018-08-23,52.13,7.2701
2018-08-24,52.02,7.2701
2018-08-25,59.84,7.2701
2018-08-26,60.63,7.2701
2018-08-27,53.23,7.2701
2018-08-28,53.0,7.2701
2018-08-29,45.59,7.2701
2018-08-30,45.43,7.441
2018-08-31,37.81,7.441
2018-09-01,46.54,7.441
2018-09-02,34.85,7.441
2018-09-03,31.01,7.441
2018-09-04,24.02,7.441
2018-09-05,26.24,7.441
2018-09-06,17.24,7.441
2018-09-07,25.46,7.2701
2018-09-08,26.78,7.441
2018-09-09,17.26,7.441
2018-09-10,23.9,7.441
2018-09-11,14.52,7.441
2018-09-12,15.86,7.7843
2018-09-13,25.05,8.303
2018-09-14,18.99,8.8259
2018-09-15,16.83,8.8259
2018-09-16,24.61,9.5294
2018-09-17,34.24,9.5294
2018-09-18,32.65,9.8838
2018-09-19,44.93,9.8838
2018-09-20,56.41,9.8838
2018-09-21,63.23,9.1768
2018-09-22,67.93,8.303
2018-09-23,71.87,7.0997
2018-09-24,82.56,7.0997
2018-09-25,100.29,7.0997
2018-09-26,104.97,6.9299
2018-09-27,94.78,6.9299
2018-09-28,89.23,6.7606
2018-09-29,76.12,6.7606
2018-09-30,65.0,6.7606
2018-10-01,50.31,6.7606
2018-10-02,35.22,6.9299
2018-10-03,32.79,7.0997
2018-10-04,36.03,7.441
2018-10-05,43.86,8.4768
2018-10-06,67.62,10.0616
2018-10-07,74.3,12.2259
2018-10-08,81.82,13.5125
2018-10-09,81.67,14.6283
2018-10-10,88.61,15.9442
2018-10-11,111.64,17.2744
2018-10-12,122.23,21.0508
2018-10-13,133.81,23.0583
2018-10-14,122.33,24.5977
2018-10-15,121.33,24.3392
2018-10-16,135.22,23.0583
2018-10-17,136.22,20.5571
2018-10-18,143.17,18.3779
2018-10-19,162.06,15.3784
2018-10-20,187.21,14.8154
2018-10-21,202.97,14.069
2018-10-22,218.87,13.3277
2018-10-23,230.99,12.5918
2018-10-24,230.87,11.8614
2018-10-25,230.56,11.6797
2018-10-26,225.56,18.6166
2018-10-27,232.5,16.893
2018-10-28,231.5,14.4416
2018-10-29,225.56,9.0011
2018-10-30,212.22,8.303
2018-10-31,233.72,7.7843
2018-11-01,233.72,7.6124
2018-11-02,219.83,7.441
2018-11-03,189.06,7.441
2018-11-04,161.28,14.8154
2018-11-05,164.28,11.6797
2018-11-06,199.0,15.7553
2018-11-07,289.11,17.6672
2018-11-08,292.94,28.2974
2018-11-09,400.31,49.1294
2018-11-10,569.84,23.0583
2018-11-11,646.11,21.5477
2018-11-12,848.87,26.4291
2018-11-13,994.59,23.8245
2018-11-14,1001.42,21.5477
2018-11-15,963.64,25.6396
2018-11-16,888.35,28.8379
2018-11-17,814.28,20.0669
2018-11-18,685.46,14.6283
2018-11-19,568.79,22.8045
2018-11-20,510.34,64.2935
2018-11-21,663.38,111.717
2018-11-22,777.04,90.7217
2018-11-23,928.59,57.5239
2018-11-24,1227.43,80.3881
2018-11-25,1317.48,123.302
2018-11-26,1397.73,63.5165
2018-11-27,1397.5,37.5737
2018-11-28,1305.94,34.9701
2018-11-29,1221.92,30.7522
2018-11-30,1132.37,27.7599
2018-12-01,1070.1,27.7599
2018-12-02,1035.91,35.544
2018-12-03,1025.35,32.1409
2018-12-04,1010.92,30.4766
2018-12-05,1019.53,28.8379
2018-12-06,986.09,29.1092
2018-12-07,930.02,29.654
2018-12-08,896.15,26.4291
2018-12-09,868.13,24.0814
2018-12-10,809.14,21.7975
2018-12-11,780.67,21.5477
2018-12-12,731.36,22.048
2018-12-13,656.77,22.048
2018-12-14,584.26,20.5571
2018-12-15,511.04,19.3378
2018-12-16,492.98,18.6166
2018-12-17,467.29,18.3779
2018-12-18,412.65,17.4656
2018-12-19,371.43,18.3779
2018-12-20,352.33,18.6166
2018-12-21,308.96,18.6166
2018-12-22,300.76,18.6166
2018-12-23,283.84,18.6166
2018-12-24,292.3,17.0836
2018-12-25,309.43,16.5126
2018-12-26,360.81,17.9032
2018-12-27,458.96,19.0965
2018-12-28,585.12,22.5515
2018-12-29,676.6,25.902
2018-12-30,717.34,27.2253
2018-12-31,701.71,28.0283
2019-01-01,808.92,26.9591
2019-01-02,935.11,26.1651
2019-01-03,842.74,31.3056
2019-01-04,856.7,38.4533
2019-01-05,794.2,35.2567
2019-01-06,730.55,33.2644
2019-01-07,697.14,30.4766
2019-01-08,622.29,28.8379
2019-01-09,592.44,25.1171
2019-01-10,560.65,19.823
2019-01-11,509.19,19.0965
2019-01-12,426.78,19.0965
2019-01-13,382.1,19.0965
2019-01-14,367.29,18.1401
2019-01-15,339.81,17.4656
2019-01-16,336.19,17.0836
2019-01-17,317.67,16.893
2019-01-18,302.56,16.5126
2019-01-19,293.36,16.5126
2019-01-20,293.36,16.5126
2019-01-21,271.38,16.5126
2019-01-22,245.91,16.5126
2019-01-23,236.42,16.3228
2019-01-24,236.42,15.3784
2019-01-25,236.42,15.1905
2019-01-26,236.42,14.6283
2019-01-27,244.98,14.6283
2019-01-28,262.11,14.6283
2019-01-29,252.85,14.6283
2019-01-30,234.33,14.6283
2019-01-31,252.85,14.6283
2019-02-01,271.37,14.6283
2019-02-02,271.37,14.6283
2019-02-03,252.85,15.0028
2019-02-04,234.33,15.0028
2019-02-05,215.81,15.1905
2019-02-06,226.93,16.7026
2019-02-07,264.89,41.1267
2019-02-08,312.34,34.1142
2019-02-09,350.23,31.0286
2019-02-10,371.83,26.1651
2019-02-11,396.88,18.8561
2019-02-12,409.26,19.0965
2019-02-13,410.76,19.823
2019-02-14,412.41,21.5477
2019-02-15,391.14,24.3392
2019-02-16,406.25,26.1651
2019-02-17,434.72,44.1565
2019-02-18,483.33,50.3961
2019-02-19,519.36,47.2468
2019-02-20,692.67,37.8663
2019-02-21,919.83,32.9825
2019-02-22,1066.13,
2019-02-23,1138.81,
2019-02-24,1092.44,
2019-02-25,1052.7,
2019-02-26,996.76,
2019-02-27,918.4,
2019-02-28,866.71,
2019-03-01,913.36,
2019-03-02,927.32,
2019-03-03,948.31,
2019-03-04,1013.5,
2019-03-05,1050.25,
2019-03-06,1079.45,
2019-03-07,1088.23,
2019-03-08,1068.81,
2019-03-09,1010.47,55.8804
2019-03-10,942.37,55.5533
2019-03-11,948.12,54.9009
2019-03-12,940.6,53.9263
2019-03-13,911.31,53.9263
2019-03-14,881.19,53.9263
2019-03-15,845.21,53.2794
2019-03-16,822.9,53.2794
2019-03-17,803.39,52.6347
2019-03-18,744.95,52.6347
2019-03-19,773.33,51.9922
2019-03-20,734.33,50.7142
2019-03-21,709.17,50.0785
2019-03-22,716.89,49.4452
2019-03-23,1085.33,46.9351
2019-03-24,1120.23,71.9101
2019-03-25,1056.22,59.3277
2019-03-26,966.58,55.2268
2019-03-27,857.7,53.2794
2019-03-28,769.18,51.3521
2019-03-29,654.87,51.0328
2019-03-30,572.64,51.0328
2019-03-31,514.19,50.3961
2019-04-01,489.41,49.1294
2019-04-02,459.46,48.4995
2019-04-03,438.69,47.872
2019-04-04,453.27,47.2468
2019-04-05,427.5,50.3961
2019-04-06,409.73,47.872
2019-04-07,405.24,47.2468
2019-04-08,413.47,49.1294
2019-04-09,409.1,65.0751
2019-04-10,418.78,51.9922
2019-04-11,438.55,49.1294
2019-04-12,436.91,48.4995
2019-04-13,431.86,48.4995
2019-04-14,415.82,53.9263
2019-04-15,397.73,57.8542
2019-04-16,386.0,73.5679
2019-04-17,392.96,68.2491
2019-04-18,425.02,55.8804
2019-04-19,487.43,51.0328
2019-04-20,557.0,49.1294
2019-04-21,577.0,48.4995
2019-04-22,527.33,47.2468
2019-04-23,457.59,47.872
2019-04-24,417.63,26.1651
2019-04-25,378.05,25.1171
2019-04-26,357.98,23.5683
2019-04-27,348.05,22.5515
2019-04-28,338.19,22.2994
2019-04-29,327.05,21.7975
2019-04-30,318.31,18.8561
2019-05-01,308.28,17.9032
2019-05-02,317.1,17.4321
2019-05-03,317.31,17.4321
2019-05-04,317.24,23.0583
2019-05-05,329.05,20.8035
2019-05-06,329.28,18.8561
2019-05-07,329.17,17.9032
2019-05-08,332.19,16.9646
2019-05-09,329.48,16.5007
2019-05-10,319.48,16.5007
2019-05-11,299.54,16.5007
2019-05-12,302.49,16.5007
2019-05-13,299.51,16.5007
2019-05-14,299.63,16.5007
2019-05-15,294.56,21.7975
2019-05-16,289.58,17.9032
2019-05-17,309.4,17.4321
2019-05-18,378.21,21.7975
2019-05-19,437.94,20.8035
2019-05-20,412.05,18.8561
2019-05-21,408.37,17.4321
2019-05-22,418.2,16.0405
2019-05-23,408.16,15.5841
2019-05-24,378.51,15.5841
2019-05-25,338.58,15.5841
2019-05-26,318.68,15.1315
2019-05-27,312.86,14.6827
2019-05-28,281.09,14.6827
2019-05-29,271.14,14.2378
2019-05-30,261.19,13.7968
2019-05-31,251.23,13.7968
2019-06-01,244.37,13.7968
2019-06-02,231.49,13.7968
2019-06-03,231.65,13.7968
2019-06-04,231.58,13.7968
2019-06-05,231.53,13.5778
2019-06-06,231.46,13.1428
2019-06-07,221.68,13.1428
2019-06-08,211.68,13.1428
2019-06-09,217.56,13.1428
2019-06-10,212.73,13.1428
2019-06-11,201.03,13.1428
2019-06-12,188.86,13.1428
2019-06-13,191.09,13.1428
2019-06-14,191.93,13.1428
2019-06-15,184.02,12.7119
2019-06-16,184.06,12.7119
2019-06-17,173.96,12.7119
2019-06-18,174.17,12.7119
2019-06-19,164.15,12.2852
2019-06-20,159.4,12.2852
2019-06-21,171.26,12.2852
2019-06-22,169.27,12.2852
2019-06-23,161.4,12.2852
2019-06-24,149.23,12.2852
2019-06-25,142.55,12.2852
2019-06-26,133.44,12.2852
2019-06-27,142.4,12.2852
2019-06-28,141.52,11.8626
2019-06-29,141.32,11.8626
2019-06-30,141.55,11.4443
2019-07-01,131.48,11.4443
2019-07-02,134.65,11.4443
2019-07-03,130.24,11.4443
2019-07-04,133.16,11.4443
2019-07-05,134.94,11.4443
2019-07-06,131.27,11.4443
2019-07-07,134.82,11.4443
2019-07-08,133.44,11.0303
2019-07-09,137.57,11.0303
2019-07-10,142.57,11.0303
2019-07-11,143.92,11.0303
2019-07-12,147.48,10.6207
2019-07-13,151.09,10.6207
2019-07-14,147.94,10.6207
2019-07-15,148.89,10.6207
2019-07-16,146.33,10.6207
2019-07-17,153.5,10.6207
2019-07-18,146.57,10.6207
2019-07-19,140.92,10.6207
2019-07-20,134.53,10.6207
2019-07-21,130.62,10.6207
2019-07-22,131.98,10.6207
2019-07-23,139.5,10.6207
2019-07-24,133.37,10.6207
2019-07-25,132.64,10.6207
2019-07-26,138.94,10.2156
2019-07-27,135.58,10.2156
2019-07-28,121.69,10.2156
2019-07-29,124.66,10.2156
2019-07-30,126.86,10.2156
2019-07-31,122.69,10.6207
2019-08-01,119.49,10.2156
2019-08-02,117.42,9.815
2019-08-03,116.71,9.815
2019-08-04,113.03,9.815
2019-08-05,113.0,10.6207
2019-08-06,111.9,10.6207
2019-08-07,110.1,10.6207
2019-08-08,104.28,10.2156
2019-08-09,114.0,10.2156
2019-08-10,111.66,9.815
2019-08-11,104.06,9.815
2019-08-12,104.0,9.815
2019-08-13,104.92,9.815
2019-08-14,104.08,9.815
2019-08-15,104.0,9.815
2019-08-16,104.0,9.815
2019-08-17,94.19,9.815
2019-08-18,94.37,9.0278
2019-08-19,95.28,9.0278
2019-08-20,95.27,8.6413
2019-08-21,95.22,8.6413
2019-08-22,100.79,8.6413
2019-08-23,93.28,8.6413
2019-08-24,86.51,8.6413
2019-08-25,76.82,8.6413
2019-08-26,75.89,8.6413
2019-08-27,72.83,8.6413
2019-08-28,69.44,8.2597
2019-08-29,70.28,8.2597
2019-08-30,65.89,8.2597
2019-08-31,64.88,8.2597
2019-09-01,67.5,8.2597
2019-09-02,71.67,8.2597
2019-09-03,62.35,8.2597
2019-09-04,68.33,7.8831
2019-09-05,66.88,7.8831
2019-09-06,58.31,7.8831
2019-09-07,63.87,7.8831
2019-09-08,53.76,7.5115
2019-09-09,51.44,7.5115
2019-09-10,48.68,7.5115
2019-09-11,49.72,7.5115
2019-09-12,50.2,7.5115
2019-09-13,52.98,7.5115
2019-09-14,47.73,7.5115
2019-09-15,48.71,7.8831
2019-09-16,45.51,7.8831
2019-09-17,49.66,7.8831
2019-09-18,45.7,7.8831
2019-09-19,54.23,7.8831
2019-09-20,44.68,7.8831
2019-09-21,47.53,7.8831
2019-09-22,49.3,7.8831
2019-09-23,43.4,7.8831
2019-09-24,43.9,7.8831
2019-09-25,45.36,7.8831
2019-09-26,42.35,11.6529
2019-09-27,45.9,15.8119
2019-09-28,51.42,15.3573
2019-09-29,57.28,10.6207
2019-09-30,65.88,8.6413
2019-10-01,77.06,8.6413
2019-10-02,70.59,8.6413
2019-10-03,59.88,8.2597
2019-10-04,58.45,8.2597
2019-10-05,52.74,7.8831
2019-10-06,44.9,7.8831
2019-10-07,47.06,7.5115
2019-10-08,42.66,7.5115
2019-10-09,55.39,7.5115
2019-10-10,53.3,7.5115
2019-10-11,56.89,7.5115
2019-10-12,62.18,7.5115
2019-10-13,62.09,7.5115
2019-10-14,55.81,7.5115
2019-10-15,52.76,7.5115
2019-10-16,44.59,7.5115
2019-10-17,51.0,7.8831
2019-10-18,52.39,7.8831
2019-10-19,52.39,8.2597
2019-10-20,51.0,8.6413
2019-10-21,56.86,8.6413
2019-10-22,57.79,9.0278
2019-10-23,61.56,9.0278
2019-10-24,64.34,8.6413
2019-10-25,59.37,8.2597
2019-10-26,58.48,7.8831
2019-10-27,71.2,7.5115
2019-10-28,72.13,7.5115
2019-10-29,77.3,10.6207
2019-10-30,85.63,10.6207
2019-10-31,103.72,10.6207
2019-11-01,108.78,15.3573
2019-11-02,113.48,14.9066
2019-11-03,116.33,10.6207
2019-11-04,113.35,7.8831
2019-11-05,108.4,7.8831
2019-11-06,121.82,7.8831
2019-11-07,121.2,7.8831
2019-11-08,136.02,10.6207
2019-11-09,160.79,11.4443
2019-11-10,181.0,10.2156
2019-11-11,165.27,9.815
2019-11-12,156.76,9.815
2019-11-13,163.37,9.0278
2019-11-14,182.99,8.6413
2019-11-15,201.13,8.6413
2019-11-16,226.75,9.0278
2019-11-17,261.01,9.0278
2019-11-18,240.94,9.0278
2019-11-19,234.0,9.0278
2019-11-20,246.57,9.0278
2019-11-21,271.57,9.4191
2019-11-22,319.85,9.4191
2019-11-23,332.64,14.9066
2019-11-24,332.53,15.3573
2019-11-25,323.89,14.9066
2019-11-26,338.16,14.9066
2019-11-27,334.09,15.8119
2019-11-28,316.96,101.68
2019-11-29,287.33,104.641
2019-11-30,370.67,41.4269
2019-12-01,418.67,20.5571
2019-12-02,450.0,20.5571
2019-12-03,556.02,20.5571
2019-12-04,547.38,19.58
2019-12-05,536.78,19.58
2019-12-06,561.54,74.4039
2019-12-07,611.67,
2019-12-08,585.67,
2019-12-09,616.22,
2019-12-10,652.72,
2019-12-11,701.11,
2019-12-12,867.0,
2019-12-13,818.78,
2019-12-14,1115.29,24.5977
2019-12-15,1179.94,24.5977
2019-12-16,1123.39,14.9066
2019-12-17,1009.96,14.0168
2019-12-18,930.8,13.5778
2019-12-19,843.76,13.5778
2019-12-20,743.69,13.5778
2019-12-21,674.7,14.0168
2019-12-22,629.33,14.0168
2019-12-23,578.41,14.0168
2019-12-24,560.74,42.0292
2019-12-25,574.24,41.4269
2019-12-26,589.12,41.4269
2019-12-27,670.14,40.8272
2019-12-28,689.35,15.8119
2019-12-29,667.82,15.3573
2019-12-30,641.67,14.9066
2019-12-31,572.74,14.9066
2020-01-01,512.58,16.7322
2020-01-02,447.15,14.9066
2020-01-03,410.11,14.4597
2020-01-04,419.37,14.4597
2020-01-05,456.41,14.4597
2020-01-06,596.69,14.0168
2020-01-07,697.61,14.0168
2020-01-08,760.83,14.0168
2020-01-09,800.56,14.0168
2020-01-10,806.35,13.5778
2020-01-11,789.52,13.5778
2020-01-12,736.57,13.5778
2020-01-13,707.75,13.5778
2020-01-14,663.08,16.7322
2020-01-15,606.02,18.1401
2020-01-16,572.13,18.1401
2020-01-17,549.63,18.1401
2020-01-18,546.76,32.7013
2020-01-19,565.74,33.8303
2020-01-20,603.7,41.4269
2020-01-21,629.51,41.4269
2020-01-22,682.38,57.1941
2020-01-23,719.76,62.5348
2020-01-24,797.93,74.4039
2020-01-25,1326.48,101.68
2020-01-26,2155.96,83.9115
2020-01-27,2388.18,83.9115
2020-01-28,2636.32,41.4269
2020-01-29,2792.86,25.1171
2020-01-30,2589.38,25.1171
2020-01-31,2149.96,25.1171
2020-02-01,1888.33,25.1171
2020-02-02,1791.27,25.1171
2020-02-03,1712.4,25.1171
2020-02-04,1576.45,32.7013
2020-02-05,1428.69,32.7013
2020-02-06,1448.7,133.207
2020-02-07,1541.48,104.641
2020-02-08,1600.43,101.68
2020-02-09,1698.46,41.4269
2020-02-10,1761.04,41.4269
2020-02-11,1709.55,41.4269
2020-02-12,1646.35,34.9701
2020-02-13,1677.24,34.9701
2020-02-14,1723.38,34.9701
2020-02-15,1814.96,34.9701
2020-02-16,1892.48,33.2644
2020-02-17,1907.52,31.0286
2020-02-18,1921.78,28.8379
2020-02-19,1903.26,28.8379
2020-02-20,1842.55,32.7013
2020-02-21,1760.56,32.7013
2020-02-22,1674.52,39.9322
2020-02-23,1612.24,42.6339
2020-02-24,1636.0,70.0957
2020-02-25,1657.69,60.1815
2020-02-26,1612.22,97.3175
2020-02-27,1626.96,69.3982
2020-02-28,1628.91,110.692
2020-02-29,1689.94,168.984
2020-03-01,1863.26,111.717
2020-03-02,1964.11,149.969
2020-03-03,2201.52,71.848
2020-03-04,2406.93,66.2844
2020-03-05,2528.39,59.5139
2020-03-06,2546.76,51.6719
2020-03-07,2497.44,47.5591
2020-03-08,2383.59,62.8731
2020-03-09,2212.23,43.2411
2020-03-10,2059.13,38.7478
2020-03-11,1950.61,37.2818
2020-03-12,1881.42,35.2567
2020-03-13,1813.23,32.9825
2020-03-14,1658.7,32.1409
2020-03-15,1587.31,31.0286
2020-03-16,1520.78,29.9275
2020-03-17,1380.19,28.5673
2020-03-18,1319.81,29.9275
2020-03-19,1257.24,36.1207
2020-03-20,1232.22,35.2567
2020-03-21,1227.4,35.544
2020-03-22,1307.94,32.1409
2020-03-23,1398.48,31.0286
2020-03-24,1395.0,27.4922
2020-03-25,1288.67,26.1651
2020-03-26,1193.29,25.1171
2020-03-27,1045.25,23.8245
2020-03-28,928.78,25.1171
2020-03-29,849.35,24.0814
2020-03-30,751.83,24.0814
2020-03-31,685.97,25.6396
2020-04-01,726.07,46.624
2020-04-02,725.74,26.1651
2020-04-03,739.41,25.1171
2020-04-04,813.65,20.0669
2020-04-05,837.39,18.1401
2020-04-06,850.7,17.6672
2020-04-07,762.32,17.6672
2020-04-08,721.83,25.6396
2020-04-09,691.66,23.3129
2020-04-10,655.72,22.2994
2020-04-11,645.43,21.2988
2020-04-12,664.76,20.0669
2020-04-13,683.09,20.0669
2020-04-14,678.84,19.58
2020-04-15,663.5,20.5571
2020-04-16,642.57,19.58
2020-04-17,609.7,19.0965
2020-04-18,586.13,18.1401
2020-04-19,559.97,18.1401
2020-04-20,545.41,18.1401
2020-04-21,523.32,18.1401
2020-04-22,503.46,17.6672
2020-04-23,482.25,17.6672
2020-04-24,470.76,21.5477
2020-04-25,442.95,17.1979
2020-04-26,444.4,16.7322
2020-04-27,442.76,16.7322
2020-04-28,432.83,16.2702
2020-04-29,429.46,16.2702
2020-04-30,414.99,16.2702
2020-05-01,410.86,15.8119
2020-05-02,407.65,15.8119
2020-05-03,399.18,15.3573
2020-05-04,400.12,15.3573
2020-05-05,386.94,15.3573
2020-05-06,381.24,14.9066
2020-05-07,380.24,14.9066
2020-05-08,381.91,14.9066
2020-05-09,375.76,14.4597
2020-05-10,369.54,14.4597
2020-05-11,373.95,14.4597
2020-05-12,362.2,14.0168
2020-05-13,360.15,14.0168
2020-05-14,362.25,14.0168
2020-05-15,362.28,14.4597
2020-05-16,350.85,14.4597
2020-05-17,347.87,14.4597
2020-05-18,349.92,13.5778
2020-05-19,346.95,13.5778
2020-05-20,329.31,13.5778
2020-05-21,317.82,13.1428
2020-05-22,320.84,13.1428
2020-05-23,317.63,13.1428
2020-05-24,317.63,14.9066
2020-05-25,313.98,15.8119
2020-05-26,329.25,13.5778
2020-05-27,328.47,13.1428
2020-05-28,338.56,13.1428
2020-05-29,359.92,13.1428
2020-05-30,351.66,12.7119
2020-05-31,341.33,12.7119
2020-06-01,353.02,12.7119
2020-06-02,342.57,12.7119
2020-06-03,334.43,12.2852
2020-06-04,337.55,12.2852
2020-06-05,303.63,12.2852
2020-06-06,273.26,12.2852
2020-06-07,261.81,12.2852
2020-06-08,260.14,11.8626
2020-06-09,260.26,11.8626
2020-06-10,245.69,11.8626
2020-06-11,251.57,11.8626
2020-06-12,242.35,11.4443
2020-06-13,245.21,11.4443
2020-06-14,242.14,11.4443
2020-06-15,241.18,11.4443
2020-06-16,239.91,11.4443
2020-06-17,237.7,11.0303
2020-06-18,235.58,11.0303
2020-06-19,234.35,11.0303
2020-06-20,230.56,11.0303
2020-06-21,230.37,11.0303
2020-06-22,219.16,11.0303
2020-06-23,222.13,11.0303
2020-06-24,224.07,11.0303
2020-06-25,218.21,11.0303
2020-06-26,219.03,10.6207
2020-06-27,210.89,10.6207
2020-06-28,220.0,10.6207
2020-06-29,214.58,10.6207
2020-06-30,219.0,10.6207
2020-07-01,217.24,10.6207
2020-07-02,217.24,10.6207
2020-07-03,212.19,10.2156
2020-07-04,218.32,10.2156
2020-07-05,213.21,10.2156
2020-07-06,210.28,9.815
2020-07-07,210.38,9.815
2020-07-08,206.1,9.815
2020-07-09,205.45,9.815
2020-07-10,208.24,9.815
2020-07-11,202.55,9.815
2020-07-12,205.33,9.815
2020-07-13,202.3,9.815
2020-07-14,206.33,9.815
2020-07-15,195.49,9.4191
2020-07-16,195.45,9.4191
2020-07-17,195.38,9.4191
2020-07-18,198.51,9.0278
2020-07-19,186.59,9.0278
2020-07-20,186.57,9.0278
2020-07-21,185.52,9.0278
2020-07-22,185.6,9.0278
2020-07-23,186.61,9.0278
2020-07-24,176.69,9.0278
2020-07-25,176.68,9.0278
2020-07-26,180.61,9.0278
2020-07-27,180.55,9.0278
2020-07-28,170.81,9.0278
2020-07-29,170.81,9.0278
2020-07-30,176.54,9.0278
2020-07-31,168.99,8.6413
2020-08-01,170.06,8.6413
2020-08-02,163.99,8.6413
2020-08-03,166.04,8.6413
2020-08-04,165.04,8.6413
2020-08-05,165.91,8.6413
2020-08-06,168.96,8.6413
2020-08-07,172.0,8.6413
2020-08-08,165.11,8.2597
2020-08-09,166.07,8.2597
2020-08-10,163.04,8.2597
2020-08-11,160.04,8.2597
2020-08-12,157.03,8.2597
2020-08-13,150.03,8.2597
2020-08-14,143.08,7.5115
2020-08-15,138.13,7.5115
2020-08-16,135.13,7.5115
2020-08-17,144.15,7.5115
2020-08-18,137.18,7.1451
2020-08-19,143.21,7.1451
2020-08-20,133.19,7.5115
2020-08-21,143.13,7.5115
2020-08-22,148.08,7.5115
2020-08-23,144.51,7.5115
2020-08-24,127.46,7.8831
2020-08-25,135.35,7.8831
2020-08-26,153.44,7.8831
2020-08-27,128.2,7.8831
2020-08-28,124.66,7.8831
2020-08-29,118.48,7.5115
2020-08-30,117.72,7.5115
2020-08-31,116.48,7.5115
2020-09-01,114.31,7.5115
2020-09-02,113.72,7.1451
2020-09-03,105.54,7.1451
2020-09-04,130.38,7.1451
2020-09-05,149.5,7.1451
2020-09-06,133.18,6.784
2020-09-07,133.98,6.784
2020-09-08,122.04,6.784
2020-09-09,94.58,6.784
2020-09-10,99.99,6.784
2020-09-11,98.16,6.784
2020-09-12,90.89,6.784
2020-09-13,91.85,6.784
2020-09-14,88.2,6.4284
2020-09-15,88.84,6.4284
2020-09-16,93.66,6.4284
2020-09-17,90.61,6.4284
2020-09-18,94.29,6.4284
2020-09-19,86.38,6.4284
2020-09-20,90.89,6.4284
2020-09-21,85.09,6.4284
2020-09-22,83.25,7.5115
2020-09-23,85.89,7.5115
2020-09-24,83.09,6.784
2020-09-25,88.97,6.784
2020-09-26,92.74,6.784
2020-09-27,97.55,6.4284
2020-09-28,101.25,6.4284
2020-09-29,100.44,6.4284
2020-09-30,106.03,6.4284
2020-10-01,107.79,6.0782
2020-10-02,104.88,6.0782
2020-10-03,102.0,6.0782
2020-10-04,95.49,6.0782
2020-10-05,96.1,6.0782
2020-10-06,100.04,5.7338
2020-10-07,91.12,5.7338
2020-10-08,102.07,5.7338
2020-10-09,98.04,5.7338
2020-10-10,103.15,5.7338
2020-10-11,99.5,5.7338
2020-10-12,98.02,6.0782
2020-10-13,101.35,6.0782
2020-10-14,105.84,6.0782
2020-10-15,105.27,6.784
2020-10-16,109.93,6.784
2020-10-17,109.52,6.784
2020-10-18,121.17,6.784
2020-10-19,122.48,6.784
2020-10-20,136.66,7.1451
2020-10-21,132.53,7.1451
2020-10-22,138.12,7.8831
2020-10-23,144.92,7.8831
2020-10-24,145.16,7.8831
2020-10-25,153.02,8.2597
2020-10-26,172.59,8.2597
2020-10-27,190.67,7.8831
2020-10-28,202.54,7.8831
2020-10-29,195.69,7.5115
2020-10-30,202.02,6.784
2020-10-31,255.33,6.4284
2020-11-01,271.66,6.784
2020-11-02,246.58,6.784
2020-11-03,241.3,6.784
2020-11-04,241.26,7.1451
2020-11-05,271.35,7.1451
2020-11-06,266.26,7.8831
2020-11-07,242.19,7.8831
2020-11-08,227.77,8.6413
2020-11-09,211.39,8.6413
2020-11-10,203.29,9.4191
2020-11-11,195.81,10.2156
2020-11-12,206.93,10.2156
2020-11-13,214.24,20.0669
2020-11-14,244.75,71.1456
2020-11-15,275.92,16.0405
2020-11-16,284.04,11.8626
2020-11-17,313.56,13.3598
2020-11-18,382.82,14.2378
2020-11-19,418.09,13.7968
2020-11-20,415.09,12.7119
2020-11-21,393.11,10.2156
2020-11-22,370.75,8.6413
2020-11-23,356.85,9.0278
2020-11-24,325.81,14.2378
2020-11-25,296.82,10.6207
2020-11-26,257.24,8.2597
2020-11-27,247.29,8.2597
2020-11-28,255.62,7.5115
2020-11-29,257.1,7.1451
2020-11-30,230.35,6.784
2020-12-01,221.26,14.2378
2020-12-02,207.03,65.5981
2020-12-03,202.45,17.6672
2020-12-04,215.62,16.9646
2020-12-05,219.52,15.1315
2020-12-06,281.58,11.8626
2020-12-07,340.55,52.3132
2020-12-08,358.63,63.2119
2020-12-09,355.85,23.3129
2020-12-10,441.48,39.3387
2020-12-11,478.49,24.0814
2020-12-12,608.77,17.1979
2020-12-13,710.61,19.58
2020-12-14,743.92,17.6672
2020-12-15,712.76,14.6827
2020-12-16,687.07,13.3598
2020-12-17,661.44,12.7119
2020-12-18,586.4,12.2852
2020-12-19,538.33,18.6166
2020-12-20,485.33,15.1315
2020-12-21,424.9,13.3598
2020-12-22,391.32,12.7119
2020-12-23,421.68,12.2852
2020-12-24,550.0,14.2378
2020-12-25,817.6,28.0283
2020-12-26,963.71,61.8598
2020-12-27,1009.12,24.0814
2020-12-28,1009.8,18.6166
2020-12-29,1044.81,31.5834
2020-12-30,1028.69,17.6672
2020-12-31,1047.89,16.0405
2021-01-01,911.87,21.0248
2021-01-02,903.37,28.8196
2021-01-03,838.02,26.0266
2021-01-04,802.67,26.7767
2021-01-05,768.67,25.5314
2021-01-06,759.14,25.0402
2021-01-07,745.39,19.0173
2021-01-08,775.7,19.8993
2021-01-09,756.95,19.4562
2021-01-10,768.5,35.0328
2021-01-11,818.89,25.0402
2021-01-12,795.2,18.5825
2021-01-13,747.35,37.3097
2021-01-14,760.31,79.953
2021-01-15,849.59,28.3031
2021-01-16,833.78,25.5314
2021-01-17,920.81,41.4353
2021-01-18,1055.93,25.0402
2021-01-19,1094.35,19.4562
2021-01-20,1037.33,17.7253
2021-01-21,975.76,16.2656
2021-01-22,866.5,15.8581
2021-01-23,730.94,15.8581
2021-01-24,582.33,15.0559
2021-01-25,539.74,14.6612
2021-01-26,503.63,14.2709
2021-01-27,431.87,13.8849
2021-01-28,393.91,12.9391
2021-01-29,346.98,12.2023
2021-01-30,331.02,12.2023
2021-01-31,318.04,12.2023
2021-02-01,319.04,12.2023
2021-02-02,306.04,14.2709
2021-02-03,300.06,13.5033
2021-02-04,320.04,12.9391
2021-02-05,299.06,13.5033
2021-02-06,357.0,15.4548
2021-02-07,546.81,17.303
2021-02-08,918.5,14.6612
2021-02-09,1236.44,18.5825
2021-02-10,1315.19,15.8581
2021-02-11,1095.38,13.3141
2021-02-12,1008.58,19.0173
2021-02-13,1045.5,16.2656
2021-02-14,1079.69,16.2656
2021-02-15,1099.98,17.7253
2021-02-16,1193.96,14.6612
2021-02-17,1253.61,13.3141
2021-02-18,1252.61,18.1518
2021-02-19,1266.5,19.4562
2021-02-20,1330.2,17.303
2021-02-21,1212.65,15.0559
2021-02-22,1212.65,13.8849
2021-02-23,1250.58,12.9391
2021-02-24,1233.18,12.9391
2021-02-25,1194.92,12.5685
2021-02-26,1122.58,24.5528
2021-02-27,1163.43,99.2446
2021-02-28,1181.87,41.4353
2021-03-01,1030.41,21.9436
2021-03-02,915.04,20.3464
2021-03-03,907.74,17.0934
2021-03-04,895.61,15.4548
2021-03-05,775.7,15.4548
2021-03-06,665.44,16.2656
2021-03-07,588.6,21.9436
2021-03-08,568.29,26.0266
2021-03-09,587.6,25.5314
2021-03-10,781.11,22.409
2021-03-11,917.29,25.0402
2021-03-12,968.11,18.1518
2021-03-13,969.04,18.5825
2021-03-14,871.96,19.4562
2021-03-15,793.11,17.303
2021-03-16,676.33,14.6612
2021-03-17,618.23,14.0773
2021-03-18,578.22,14.2709
2021-03-19,539.33,15.0559
2021-03-20,485.91,14.2709
2021-03-21,459.65,13.6935
2021-03-22,420.67,13.6935
2021-03-23,401.22,13.126
2021-03-24,400.11,12.5685
2021-03-25,381.87,12.0209
2021-03-26,381.8,11.4834
2021-03-27,342.89,11.4834
2021-03-28,304.0,11.4834
2021-03-29,284.56,13.6935
2021-03-30,284.56,13.126
2021-03-31,265.11,14.0773
2021-04-01,273.15,11.6614
2021-04-02,292.64,11.1307
2021-04-03,292.74,10.9561
2021-04-04,291.69,10.9561
2021-04-05,292.67,10.9561
2021-04-06,273.22,10.9561
2021-04-07,253.78,10.9561
2021-04-08,253.69,10.6102
2021-04-09,251.85,10.439
2021-04-10,263.52,10.439
2021-04-11,254.78,10.439
2021-04-12,257.78,10.1001
2021-04-13,254.7,9.8987
2021-04-14,245.11,9.8987
2021-04-15,235.36,9.8987
2021-04-16,216.89,9.8987
2021-04-17,216.8,9.3865
2021-04-18,216.98,9.3865
2021-04-19,215.89,10.439
2021-04-20,216.89,9.8987
2021-04-21,216.82,9.3865
2021-04-22,207.24,9.1347
2021-04-23,207.17,9.1347
2021-04-24,198.33,9.1347
2021-04-25,198.56,8.6394
2021-04-26,198.44,8.3961
2021-04-27,188.62,8.3961
2021-04-28,188.83,8.3961
2021-04-29,188.72,8.3961
2021-04-30,178.9,7.918
2021-05-01,190.66,7.6833
2021-05-02,186.08,7.6833
2021-05-03,185.15,9.1347
2021-05-04,175.39,9.1347
2021-05-05,175.39,8.6394
2021-05-06,175.39,8.6394
2021-05-07,183.06,8.6394
2021-05-08,185.16,8.6394
2021-05-09,185.0,8.6394
2021-05-10,156.06,8.6394
2021-05-11,136.41,8.6394
2021-05-12,131.59,8.6394
2021-05-13,137.45,8.6394
2021-05-14,126.82,8.6394
2021-05-15,132.87,8.6394
2021-05-16,135.26,9.1347
2021-05-17,128.78,8.6394
2021-05-18,131.17,8.6394
2021-05-19,125.77,8.1556
2021-05-20,125.46,8.1556
2021-05-21,123.13,8.1556
2021-05-22,126.15,8.1556
2021-05-23,125.53,8.6394
2021-05-24,132.79,8.6394
2021-05-25,143.89,8.1556
2021-05-26,148.75,8.1556
2021-05-27,146.32,8.1556
2021-05-28,150.62,8.6394
2021-05-29,150.74,8.6394
2021-05-30,152.24,8.6394
2021-05-31,145.78,9.6412
2021-06-01,143.26,13.126
2021-06-02,138.64,9.1347
2021-06-03,141.26,9.1347
2021-06-04,154.45,8.6394
2021-06-05,154.45,8.6394
2021-06-06,162.24,8.3961
2021-06-07,158.51,8.1556
2021-06-08,145.26,9.1347
2021-06-09,145.38,8.8856
2021-06-10,140.75,8.1556
2021-06-11,138.83,8.1556
2021-06-12,136.89,8.1556
2021-06-13,129.99,8.1556
2021-06-14,133.77,8.1556
2021-06-15,127.98,8.1556
2021-06-16,121.47,8.1556
2021-06-17,121.28,8.1556
2021-06-18,118.19,7.6833
2021-06-19,117.41,7.6833
2021-06-20,113.17,7.6833
2021-06-21,113.57,7.6833
2021-06-22,106.67,7.6833
2021-06-23,105.06,7.6833
2021-06-24,108.3,7.6833
2021-06-25,101.89,7.6833
2021-06-26,105.13,7.2226
2021-06-27,99.81,7.2226
2021-06-28,99.81,7.2226
2021-06-29,88.0,7.2226
2021-06-30,93.24,7.2226
2021-07-01,90.62,7.2226
2021-07-02,88.5,7.2226
2021-07-03,91.96,7.2226
2021-07-04,89.88,7.2226
2021-07-05,81.31,7.2226
2021-07-06,72.82,6.7738
2021-07-07,74.91,6.7738
2021-07-08,78.15,6.7738
2021-07-09,69.58,6.7738
2021-07-10,68.73,6.7738
2021-07-11,73.58,6.7738
2021-07-12,68.33,6.7738
2021-07-13,70.82,6.7738
2021-07-14,74.3,6.7738
2021-07-15,74.49,6.7738
2021-07-16,65.28,6.7738
2021-07-17,64.07,6.7738
2021-07-18,67.34,6.7738
2021-07-19,70.26,6.7738
2021-07-20,77.67,6.7738
2021-07-21,78.67,6.7738
2021-07-22,75.89,6.3369
2021-07-23,71.33,6.3369
2021-07-24,71.33,6.3369
2021-07-25,66.7,6.3369
2021-07-26,68.56,6.3369
2021-07-27,63.84,6.3369
2021-07-28,52.73,6.3369
2021-07-29,47.56,6.3369
2021-07-30,47.64,6.3369
2021-07-31,52.66,6.3369
2021-08-01,53.84,6.3369
2021-08-02,46.37,6.3369
2021-08-03,46.91,6.3369
2021-08-04,51.07,6.3369
2021-08-05,50.15,6.3369
2021-08-06,53.39,5.912
2021-08-07,50.59,5.912
2021-08-08,51.69,5.912
2021-08-09,53.84,5.4994
2021-08-10,50.6,5.4994
2021-08-11,50.68,5.4994
2021-08-12,63.56,5.4994
2021-08-13,63.41,5.912
2021-08-14,67.11,5.912
2021-08-15,64.92,5.912
2021-08-16,64.74,5.912
2021-08-17,57.0,5.912
2021-08-18,48.9,5.912
2021-08-19,48.84,5.912
2021-08-20,49.81,5.912
2021-08-21,51.73,5.912
2021-08-22,51.0,5.912
2021-08-23,49.84,5.912
2021-08-24,51.84,5.912
2021-08-25,50.84,5.912
2021-08-26,52.08,5.912
2021-08-27,48.54,5.912
2021-08-28,57.48,5.912
2021-08-29,58.41,5.912
2021-08-30,49.84,5.4994
2021-08-31,45.68,5.4994
2021-09-01,48.35,5.4994
2021-09-02,49.26,5.4994
2021-09-03,43.0,5.4994
2021-09-04,47.24,5.4994
2021-09-05,44.32,5.4994
2021-09-06,40.95,5.4994
2021-09-07,43.72,5.4994
2021-09-08,43.54,5.4994
2021-09-09,42.59,5.4994
2021-09-10,43.81,5.4994
2021-09-11,39.79,5.0991
2021-09-12,38.58,5.0991
2021-09-13,40.33,5.0991
2021-09-14,41.98,5.0991
2021-09-15,42.74,5.0991
2021-09-16,37.59,5.0991
2021-09-17,42.74,5.0991
2021-09-18,42.67,5.0991
2021-09-19,40.58,5.0991
2021-09-20,43.0,5.0991
2021-09-21,42.06,5.0991
2021-09-22,42.95,4.9037
2021-09-23,43.08,4.9037
2021-09-24,42.5,4.9037
2021-09-25,40.08,4.9037
2021-09-26,44.8,4.9037
2021-09-27,44.96,5.0991
2021-09-28,52.14,5.0991
2021-09-29,52.67,5.4994
2021-09-30,49.96,5.912
